{"model":{"version":2,"nodes":[{"name":"RootNode","position":[0,0,0],"rotation":[0,0,0],"scale":[1,1,1]},{"name":"fence","position":[-0.0187554,0.0570559,0.0237036],"rotation":[-90,0,0],"scale":[1,1,1]}],"parents":[-1,0],"skins":[],"vertices":[{"position":{"type":"float32","components":3,"data":[-5.818,0.217702,1.89789,-6.21876,0.217702,-0.102112,-6.21876,0.217702,1.89789,-5.818,0.217702,-0.102112,-5.818,-0.0619907,1.89789,-5.818,0.217702,-0.102112,-5.818,0.217702,1.89789,-5.818,-0.0619907,-0.102112,-6.21876,-0.0619907,1.89789,-5.818,-0.0619907,-0.102112,-5.818,-0.0619907,1.89789,-6.21876,-0.0619907,-0.102112,-6.21876,0.217702,1.89789,-6.21876,-0.0619907,-0.102112,-6.21876,-0.0619907,1.89789,-6.21876,0.217702,-0.102112,-6.21876,-0.0619907,-0.102112,-5.818,0.217702,-0.102112,-5.818,-0.0619907,-0.102112,-6.21876,0.217702,-0.102112,-6.21876,0.217702,1.89789,-5.818,-0.0619907,1.89789,-5.818,0.217702,1.89789,-6.21876,-0.0619907,1.89789,5.66202,0.198023,1.81838,5.26126,0.198023,-0.181616,5.26126,0.198023,1.81838,5.66202,0.198023,-0.181616,5.66202,-0.0816693,1.81838,5.66202,0.198023,-0.181616,5.66202,0.198023,1.81838,5.66202,-0.0816693,-0.181616,5.26126,-0.0816693,1.81838,5.66202,-0.0816693,-0.181616,5.66202,-0.0816693,1.81838,5.26126,-0.0816693,-0.181616,5.26126,0.198023,1.81838,5.26126,-0.0816693,-0.181616,5.26126,-0.0816693,1.81838,5.26126,0.198023,-0.181616,5.26126,-0.0816693,-0.181616,5.66202,0.198023,-0.181616,5.66202,-0.0816693,-0.181616,5.26126,0.198023,-0.181616,5.26126,0.198023,1.81838,5.66202,-0.0816693,1.81838,5.66202,0.198023,1.81838,5.26126,-0.0816693,1.81838,2.90937,0.17949,1.96618,2.50861,0.17949,-0.03382,2.50861,0.17949,1.96618,2.90937,0.17949,-0.03382,2.90937,-0.100203,1.96618,2.90937,0.17949,-0.03382,2.90937,0.17949,1.96618,2.90937,-0.100203,-0.03382,2.50861,-0.100203,1.96618,2.90937,-0.100203,-0.03382,2.90937,-0.100203,1.96618,2.50861,-0.100203,-0.03382,2.50861,0.17949,1.96618,2.50861,-0.100203,-0.03382,2.50861,-0.100203,1.96618,2.50861,0.17949,-0.03382,2.50861,-0.100203,-0.03382,2.90937,0.17949,-0.03382,2.90937,-0.100203,-0.03382,2.50861,0.17949,-0.03382,2.50861,0.17949,1.96618,2.90937,-0.100203,1.96618,2.90937,0.17949,1.96618,2.50861,-0.100203,1.96618,0.200381,0.139846,2,-0.20038,0.139846,0,-0.20038,0.139846,2,0.200381,0.139846,0,0.20038,-0.139846,2,0.200381,0.139846,0,0.200381,0.139846,2,0.20038,-0.139846,0,-0.200381,-0.139846,2,0.20038,-0.139846,0,0.20038,-0.139846,2,-0.200381,-0.139846,0,-0.20038,0.139846,2,-0.200381,-0.139846,0,-0.200381,-0.139846,2,-0.20038,0.139846,0,0.20038,-0.139846,0,-0.20038,0.139846,0,0.200381,0.139846,0,-0.200381,-0.139846,0,-0.20038,0.139846,2,0.20038,-0.139846,2,0.200381,0.139846,2,-0.200381,-0.139846,2,-2.71617,0.167979,1.95682,-3.11693,0.167979,-0.0431782,-3.11693,0.167979,1.95682,-2.71617,0.167979,-0.0431782,-2.71617,-0.111713,1.95682,-2.71617,0.167979,-0.0431782,-2.71617,0.167979,1.95682,-2.71617,-0.111713,-0.0431782,-3.11693,-0.111713,1.95682,-2.71617,-0.111713,-0.0431782,-2.71617,-0.111713,1.95682,-3.11693,-0.111713,-0.0431782,-3.11693,0.167979,1.95682,-3.11693,-0.111713,-0.0431782,-3.11693,-0.111713,1.95682,-3.11693,0.167979,-0.0431782,-3.11693,-0.111713,-0.0431782,-2.71617,0.167979,-0.0431782,-2.71617,-0.111713,-0.0431782,-3.11693,0.167979,-0.0431782,-3.11693,0.167979,1.95682,-2.71617,-0.111713,1.95682,-2.71617,0.167979,1.95682,-3.11693,-0.111713,1.95682,-6.20334,0.25537,1.44118,5.56389,0.25537,1.44118,5.56389,0.25537,1.02204,-6.20334,0.25537,1.02204,-6.20334,0.25537,1.44118,-6.20334,0.25537,1.02204,-6.20334,0.0248833,1.44118,-6.20334,0.0248833,1.02204,5.56389,0.0248833,1.44118,-6.20334,0.0248833,1.44118,-6.20334,0.0248833,1.02204,5.56389,0.0248833,1.02204,5.56389,0.0248833,1.44118,5.56389,0.0248833,1.02204,5.56389,0.25537,1.44118,5.56389,0.25537,1.02204,-6.20334,0.0248833,1.02204,5.56389,0.25537,1.02204,5.56389,0.0248833,1.02204,-6.20334,0.25537,1.02204,5.56389,0.25537,1.44118,-6.20334,0.25537,1.44118,-6.20334,0.0248833,1.44118,5.56389,0.0248833,1.44118,-6.23628,0.274842,0.597549,5.53095,0.274842,0.597549,5.53095,0.274842,0.178416,-6.23628,0.274842,0.178416,-6.23628,0.274842,0.597549,-6.23628,0.274842,0.178416,-6.23628,0.0443559,0.597549,-6.23628,0.0443559,0.178416,5.53095,0.0443554,0.597549,-6.23628,0.0443559,0.597549,-6.23628,0.0443559,0.178416,5.53095,0.0443554,0.178416,5.53095,0.0443554,0.597549,5.53095,0.0443554,0.178416,5.53095,0.274842,0.597549,5.53095,0.274842,0.178416,-6.23628,0.0443559,0.178416,5.53095,0.274842,0.178416,5.53095,0.0443554,0.178416,-6.23628,0.274842,0.178416,5.53095,0.274842,0.597549,-6.23628,0.274842,0.597549,-6.23628,0.0443559,0.597549,5.53095,0.0443554,0.597549]},"normal":{"type":"float32","components":3,"data":[0,1,0,0,1,0,0,1,0,0,1,0,1,0,0,1,0,0,1,0,0,1,0,0,0,-1,0,0,-1,0,0,-1,0,0,-1,0,-1,0,0,-1,0,0,-1,0,0,-1,0,0,0,0,-1,0,0,-1,0,0,-1,0,0,-1,0,0,1,0,0,1,0,0,1,0,0,1,0,1,0,0,1,0,0,1,0,0,1,0,1,0,0,1,0,0,1,0,0,1,0,0,0,-1,0,0,-1,0,0,-1,0,0,-1,0,-1,0,0,-1,0,0,-1,0,0,-1,0,0,0,0,-1,0,0,-1,0,0,-1,0,0,-1,0,0,1,0,0,1,0,0,1,0,0,1,0,1,0,0,1,0,0,1,0,0,1,0,1,0,0,1,0,0,1,0,0,1,0,0,0,-1,0,0,-1,0,0,-1,0,0,-1,0,-1,0,0,-1,0,0,-1,0,0,-1,0,0,0,0,-1,0,0,-1,0,0,-1,0,0,-1,0,0,1,0,0,1,0,0,1,0,0,1,0,1,0,0,1,0,0,1,0,0,1,0,1,-1.70486e-06,0,1,-1.70486e-06,0,1,-1.70486e-06,0,1,-1.70486e-06,0,0,-1,0,0,-1,0,0,-1,0,0,-1,0,-1,1.70486e-06,0,-1,1.70486e-06,0,-1,1.70486e-06,0,-1,1.70486e-06,0,0,0,-1,0,0,-1,0,0,-1,0,0,-1,0,0,1,0,0,1,0,0,1,0,0,1,0,1,0,0,1,0,0,1,0,0,1,0,1,0,0,1,0,0,1,0,0,1,0,0,0,-1,0,0,-1,0,0,-1,0,0,-1,0,-1,0,0,-1,0,0,-1,0,0,-1,0,0,0,0,-1,0,0,-1,0,0,-1,0,0,-1,0,0,1,0,0,1,0,0,1,0,0,1,4.05225e-08,1,0,4.05225e-08,1,0,4.05225e-08,1,0,4.05225e-08,1,0,-1,0,0,-1,0,0,-1,0,0,-1,0,0,0,-1,0,0,-1,0,0,-1,0,0,-1,0,1,0,0,1,0,0,1,0,0,1,0,0,5.49415e-09,0,-1,5.49415e-09,0,-1,5.49415e-09,0,-1,5.49415e-09,0,-1,-6.46423e-10,0,1,-6.46423e-10,0,1,-6.46423e-10,0,1,-6.46423e-10,0,1,4.05225e-08,1,0,4.05225e-08,1,0,4.05225e-08,1,0,4.05225e-08,1,0,-1,0,0,-1,0,0,-1,0,0,-1,0,0,-4.05225e-08,-1,0,-4.05225e-08,-1,0,-4.05225e-08,-1,0,-4.05225e-08,-1,0,1,0,0,1,0,0,1,0,0,1,0,0,2.23483e-10,0,-1,2.23483e-10,0,-1,2.23483e-10,0,-1,2.23483e-10,0,-1,-6.67917e-10,0,1,-6.67917e-10,0,1,-6.67917e-10,0,1,-6.67917e-10,0,1]}}],"meshes":[{"aabb":{"min":[-6.23628,-0.139846,-0.181616],"max":[5.66202,0.274842,2]},"vertices":0,"indices":[0,1,2,1,0,3,4,5,6,5,4,7,8,9,10,9,8,11,12,13,14,13,12,15,16,17,18,17,16,19,20,21,22,21,20,23,24,25,26,25,24,27,28,29,30,29,28,31,32,33,34,33,32,35,36,37,38,37,36,39,40,41,42,41,40,43,44,45,46,45,44,47,48,49,50,49,48,51,52,53,54,53,52,55,56,57,58,57,56,59,60,61,62,61,60,63,64,65,66,65,64,67,68,69,70,69,68,71,72,73,74,73,72,75,76,77,78,77,76,79,80,81,82,81,80,83,84,85,86,85,84,87,88,89,90,89,88,91,92,93,94,93,92,95,96,97,98,97,96,99,100,101,102,101,100,103,104,105,106,105,104,107,108,109,110,109,108,111,112,113,114,113,112,115,116,117,118,117,116,119,120,121,122,120,122,123,124,125,126,126,125,127,128,129,130,128,130,131,132,133,134,134,133,135,136,137,138,137,136,139,140,141,142,140,142,143,144,145,146,144,146,147,148,149,150,150,149,151,152,153,154,152,154,155,156,157,158,158,157,159,160,161,162,161,160,163,164,165,166,164,166,167],"type":"triangles","base":0,"count":252}],"meshInstances":[{"node":1,"mesh":0}]}}