{"model":{"version":2,"nodes":[{"name":"RootNode","position":[0,0,0],"rotation":[0,0,0],"scale":[1,1,1]},{"name":"field","position":[0,0,0],"rotation":[-90,0,0],"scale":[1,1,1]}],"parents":[-1,0],"skins":[],"vertices":[{"position":{"type":"float32","components":3,"data":[8.06915,7.56482,-0.000685656,8.06915,8.06915,-0.00010601,7.56482,8.06915,-0.000299334,7.0605,7.56482,0.436305,7.0605,8.06915,0.435852,6.55618,8.06915,0.645451,-7.56482,8.06915,0.645451,6.55618,-8.06915,0.645451,6.55618,8.06915,0.645451,-7.56482,-8.06915,0.645451,-8.06915,-8.06915,0.435805,-8.06915,-7.56482,0.435221,-6.55618,-8.06915,-0.00107845,7.0605,-6.05186,0.436418,8.06915,-7.0605,-0.000170102,8.06915,5.04322,-5.41997e-05,-8.06915,-7.56482,0.435221,-8.06915,-4.53889,0.435029,-6.55618,-8.06915,-0.00107845,8.06915,-4.03457,-0.000784308,7.56482,-4.53889,-0.00106954,7.56482,-1.00864,-0.00106578,8.06915,-4.03457,-0.000784308,7.56482,-1.00864,-0.00106578,8.06915,5.54754,-0.000801062,7.56482,-1.00864,-0.00106578,7.56482,6.55618,-0.000914464,8.06915,5.54754,-0.000801062,7.56482,-1.00864,-0.00106578,5.54754,6.05186,-0.00108054,7.56482,6.55618,-0.000914464,5.54754,6.05186,-0.00108054,3.53025,6.55618,-0.00108894,1.51296,7.56482,-0.000974469,5.54754,6.05186,-0.00108054,1.51296,7.56482,-0.000974469,5.54754,7.56482,-0.000882302,5.54754,6.05186,-0.00108054,5.54754,7.56482,-0.000882302,7.56482,6.55618,-0.000914464,-6.55618,6.55618,-0.00105569,-8.06915,6.55618,0.435163,-6.55618,7.56482,-0.000892455,-8.06915,8.06915,0.435623,6.55618,-8.06915,0.645451,7.0605,-6.05186,0.436418,6.55618,8.06915,0.645451,3.53025,-8.06915,-0.00109937,-6.55618,-8.06915,-0.00107845,-6.55618,6.55618,-0.00105569,3.53025,6.55618,-0.00108894,7.0605,-8.06915,0.434925,8.06915,-8.06915,-0.000277675,7.0605,-6.05186,0.436418,8.06915,-8.06915,-0.000277675,8.06915,-7.0605,-0.000170102,7.0605,-6.05186,0.436418,6.55618,-8.06915,0.645451,7.0605,-8.06915,0.434925,7.0605,-6.05186,0.436418,8.06915,-7.56482,-0.00075329,7.56482,-4.53889,-0.00106954,8.06915,-4.03457,-0.000784308,7.56482,-4.53889,-0.00106954,3.53025,-8.06915,-0.00109937,7.56482,-1.00864,-0.00106578,3.53025,-8.06915,-0.00109937,5.54754,6.05186,-0.00108054,7.56482,-1.00864,-0.00106578,3.53025,-8.06915,-0.00109937,3.53025,6.55618,-0.00108894,5.54754,6.05186,-0.00108054,3.53025,6.55618,-0.00108894,-6.55618,6.55618,-0.00105569,1.51296,7.56482,-0.000974469,-6.55618,6.55618,-0.00105569,-4.53889,8.06915,-0.000953212,1.51296,7.56482,-0.000974469,-4.53889,8.06915,-0.000953212,1.51296,8.06915,-0.000832086,1.51296,7.56482,-0.000974469,-7.56482,-8.06915,0.645451,-8.06915,-8.06915,0.435805,-6.55618,-8.06915,-0.00107845,-7.56482,-8.06915,0.645451,-6.55618,-8.06915,-0.00107845,3.53025,-8.06915,-0.00109937,-7.56482,-8.06915,0.645451,3.53025,-8.06915,-0.00109937,5.54754,-8.06915,-0.00105491,-7.56482,-8.06915,0.645451,5.54754,-8.06915,-0.00105491,8.06915,-8.06915,-0.000277675,-7.56482,-8.06915,0.645451,8.06915,-8.06915,-0.000277675,7.0605,-8.06915,0.434925,7.56482,8.06915,-0.000299334,5.54754,8.06915,-0.000588635,1.51296,8.06915,-0.000832086,-7.56482,-8.06915,0.645451,7.0605,-8.06915,0.434925,6.55618,-8.06915,0.645451,7.56482,8.06915,-0.000299334,1.51296,8.06915,-0.000832086,-4.53889,8.06915,-0.000953212,-8.06915,8.06915,0.435623,-8.06915,7.56482,0.43619,-7.56482,8.06915,0.645451,7.56482,8.06915,-0.000299334,-4.53889,8.06915,-0.000953212,-6.55618,8.06915,-0.000143967,-8.06915,7.56482,0.43619,-8.06915,7.0605,0.436405,-7.56482,8.06915,0.645451,7.56482,8.06915,-0.000299334,-6.55618,8.06915,-0.000143967,-8.06915,8.06915,0.435623,-8.06915,7.0605,0.436405,-8.06915,-7.0605,0.436402,-7.56482,-8.06915,0.645451,7.56482,8.06915,-0.000299334,-8.06915,8.06915,0.435623,-7.56482,8.06915,0.645451,-8.06915,7.0605,0.436405,-7.56482,-8.06915,0.645451,-7.56482,8.06915,0.645451,-7.56482,8.06915,0.645451,6.55618,8.06915,0.645451,5.54754,-8.06915,-0.00105491,8.06915,-7.56482,-0.00075329,8.06915,-8.06915,-0.000277675,7.0605,8.06915,0.435852,5.54754,-8.06915,-0.00105491,7.56482,-4.53889,-0.00106954,8.06915,-7.56482,-0.00075329,8.06915,8.06915,-0.00010601,5.54754,-8.06915,-0.00105491,3.53025,-8.06915,-0.00109937,7.56482,-4.53889,-0.00106954,7.0605,8.06915,0.435852,7.0605,7.56482,0.436305,8.06915,8.06915,-0.00010601,5.54754,7.56482,-0.000882302,1.51296,7.56482,-0.000974469,1.51296,8.06915,-0.000832086,5.54754,8.06915,-0.000588635,-6.55618,-8.06915,-0.00107845,-8.06915,-4.53889,0.435029,-6.55618,6.55618,-0.00105569,8.06915,5.04322,-5.41997e-05,8.06915,-7.0605,-0.000170102,8.06915,-8.06915,-0.000277675,-8.06915,-4.53889,0.435029,-8.06915,6.55618,0.435163,-6.55618,6.55618,-0.00105569,8.06915,5.04322,-5.41997e-05,8.06915,-8.06915,-0.000277675,8.06915,-7.56482,-0.00075329,5.54754,8.06915,-0.000588635,8.06915,7.56482,-0.000685656,5.54754,7.56482,-0.000882302,7.56482,6.55618,-0.000914464,8.06915,5.04322,-5.41997e-05,8.06915,-7.56482,-0.00075329,8.06915,-4.03457,-0.000784308,-6.55618,7.56482,-0.000892455,-4.53889,8.06915,-0.000953212,-6.55618,6.55618,-0.00105569,8.06915,5.04322,-5.41997e-05,8.06915,-4.03457,-0.000784308,8.06915,5.54754,-0.000801062,-6.55618,7.56482,-0.000892455,-6.55618,8.06915,-0.000143967,-4.53889,8.06915,-0.000953212,8.06915,5.04322,-5.41997e-05,8.06915,5.54754,-0.000801062,8.06915,7.56482,-0.000685656,-8.06915,-7.0605,0.436402,-8.06915,-8.06915,0.435805,-7.56482,-8.06915,0.645451,8.06915,5.04322,-5.41997e-05,8.06915,7.56482,-0.000685656,8.06915,8.06915,-0.00010601,-8.06915,6.55618,0.435163,-8.06915,-4.53889,0.435029,-8.06915,-7.56482,0.435221,8.06915,5.54754,-0.000801062,7.56482,6.55618,-0.000914464,8.06915,7.56482,-0.000685656,-8.06915,-8.06915,0.435805,7.0605,7.56482,0.436305,8.06915,5.04322,-5.41997e-05,8.06915,8.06915,-0.00010601,7.0605,4.53889,0.436362,-8.06915,6.55618,0.435163,-8.06915,-8.06915,0.435805,-8.06915,-7.0605,0.436402,-8.06915,6.55618,0.435163,-8.06915,-7.0605,0.436402,-8.06915,7.0605,0.436405,5.54754,8.06915,-0.000588635,7.56482,8.06915,-0.000299334,8.06915,7.56482,-0.000685656,-8.06915,6.55618,0.435163,-8.06915,7.0605,0.436405,-8.06915,7.56482,0.43619,-8.06915,6.55618,0.435163,-8.06915,7.56482,0.43619,-8.06915,8.06915,0.435623,6.55618,8.06915,0.645451,7.0605,4.53889,0.436362,7.0605,7.56482,0.436305,-6.55618,8.06915,-0.000143967,-6.55618,7.56482,-0.000892455,-8.06915,8.06915,0.435623,6.55618,8.06915,0.645451,7.0605,-6.05186,0.436418,7.0605,4.53889,0.436362,7.0605,-6.05186,0.436418,8.06915,5.04322,-5.41997e-05,7.0605,4.53889,0.436362]},"normal":{"type":"float32","components":3,