{"model":{"version":2,"nodes":[{"name":"RootNode","position":[0,0,0],"rotation":[0,0,0],"scale":[1,1,1]},{"name":"water","position":[0,0,0],"rotation":[-90,0,0],"scale":[1,1,1]}],"parents":[-1,0],"skins":[],"vertices":[{"position":{"type":"float32","components":3,"data":[4.93622,0.10555,0.670016,5.54262,-0.604796,0.578973,5.54262,0.0378983,0.608963,4.53195,-0.604796,0.739168,-6.95851,1.04707,0.400301,-6.38329,0.680593,0.167934,-6.98969,0.240854,0.109661,0.893534,0.342332,-0.145148,-4.86729,-0.630166,0.0364761,-6.98969,0.240854,0.109661,-4.86729,-0.630166,0.0364761,-6.40883,-0.525744,0.128536,-6.98969,0.240854,0.109661,-6.98969,0.849723,0.564389,-6.97622,0.948415,0.543166,-6.98969,1.18798,0.46215,-6.97622,0.948415,0.543166,-6.58542,0.951201,0.66401,-6.98969,1.18798,0.46215,5.54262,-0.604796,0.578973,5.54262,-0.90923,0.46215,5.6272,-0.217657,0.421281,5.54262,-0.90923,0.46215,5.56719,-0.339464,0.335995,5.6272,-0.217657,0.421281,1.9042,1.18798,0.424626,5.58023,1.1797,0.453396,2.51061,1.18798,0.358756,4.53195,-0.604796,0.739168,5.54262,-0.90923,0.46215,5.54262,-0.604796,0.578973,5.58023,1.1797,0.453396,4.81983,1.16985,0.230654,2.51061,1.18798,0.358756,5.54262,-0.90923,0.46215,5.54262,-0.469492,0.343529,5.56719,-0.339464,0.335995,4.81983,1.16985,0.230654,-5.17049,1.18798,0.186291,2.51061,1.18798,0.358756,5.54262,-0.90923,0.46215,4.53195,-0.486405,0.108915,5.54262,-0.469492,0.343529,-5.17049,1.18798,0.186291,-6.98969,1.18798,0.46215,1.2978,1.18798,0.44395,5.54262,-0.90923,0.46215,4.93622,-0.90923,0.339756,4.53195,-0.486405,0.108915,-5.17049,1.18798,0.186291,1.2978,1.18798,0.44395,1.9042,1.18798,0.424626,4.93622,-0.90923,0.339756,2.04525,-0.962983,0.163393,4.53195,-0.486405,0.108915,-5.17049,1.18798,0.186291,1.9042,1.18798,0.424626,2.51061,1.18798,0.358756,2.04525,-0.962983,0.163393,-1.93634,-0.807752,-0.0139061,4.53195,-0.486405,0.108915,1.2978,1.18798,0.44395,5.58023,1.1797,0.453396,1.9042,1.18798,0.424626,-1.93634,-0.807752,-0.0139061,0.0849985,-0.368014,-0.0623583,4.53195,-0.486405,0.108915,5.54262,1.01885,0.520124,5.65163,0.662487,0.516311,5.58023,1.1797,0.453396,0.0849985,-0.368014,-0.0623583,0.893534,0.342332,-0.145148,4.53195,-0.486405,0.108915,5.65163,0.662487,0.516311,5.54262,0.545289,0.31368,5.58023,1.1797,0.453396,0.0849985,-0.368014,-0.0623583,-1.93634,-0.807752,-0.0139061,0.893534,0.342332,-0.145148,5.54262,0.545289,0.31368,4.93622,0.934288,-0.0494446,5.58023,1.1797,0.453396,-1.93634,-0.807752,-0.0139061,-4.86729,-0.630166,0.0364761,0.893534,0.342332,-0.145148,4.93622,0.934288,-0.0494446,4.81983,1.16985,0.230654,5.58023,1.1797,0.453396,-6.97622,0.948415,0.543166,-6.98969,0.849723,0.564389,-6.58542,0.951201,0.66401,1.2978,1.18798,0.44395,3.35428,1.18086,0.469601,5.58023,1.1797,0.453396,-6.98969,0.849723,0.564389,-6.98969,-0.807752,0.717103,-6.58542,0.951201,0.66401,3.35428,1.18086,0.469601,-1.2648,1.14067,0.770622,5.58023,1.1797,0.453396,-6.98969,-0.90923,0.339328,-5.97902,-0.90923,0.461891,-6.98969,-0.807752,0.717103,-1.2648,1.14067,0.770622,5.54262,1.01885,0.520124,5.58023,1.1797,0.453396,-5.97902,-0.90923,0.461891,-3.10617,-0.91669,0.493989,-6.98969,-0.807752,0.717103,4.93622,0.934288,-0.0494446,-2.1881,1.15254,0.0046312,4.81983,1.16985,0.230654,-3.10617,-0.91669,0.493989,2.70946,-0.940325,0.496358,-6.98969,-0.807752,0.717103,-2.1881,1.15254,0.0046312,-5.17049,1.18798,0.186291,4.81983,1.16985,0.230654,2.70946,-0.940325,0.496358,3.31914,-0.90923,0.554537,-6.98969,-0.807752,0.717103,-2.1881,1.15254,0.0046312,-6.98969,0.240854,0.109661,-5.17049,1.18798,0.186291,3.31914,-0.90923,0.554537,4.53195,-0.604796,0.739168,-6.98969,-0.807752,0.717103,-6.98969,0.240854,0.109661,-6.38329,0.680593,0.167934,-5.17049,1.18798,0.186291,3.31914,-0.90923,0.554537,5.54262,-0.90923,0.46215,4.53195,-0.604796,0.739168,-6.38329,0.680593,0.167934,-6.95851,1.04707,0.400301,-5.17049,1.18798,0.186291,-4.86729,-0.630166,0.0364761,-5.37262,-0.90923,0.154389,-6.40883,-0.525744,0.128536,-6.95851,1.04707,0.400301,-6.98969,1.18798,0.46215,-5.17049,1.18798,0.186291,-5.37262,-0.90923,0.154389,-6.98969,-0.90923,0.339328,-6.40883,-0.525744,0.128536,-6.98969,1.18798,0.46215,-1.2648,1.14067,0.770622,1.2978,1.18798,0.44395,2.04525,-0.962983,0.163393,-5.97902,-0.90923,0.461891,-6.98969,-0.90923,0.339328,-1.2648,1.14067,0.770622,3.35428,1.18086,0.469601,1.2978,1.18798,0.44395,-5.37262,-0.90923,0.154389,2.04525,-0.962983,0.163393,-6.98969,-0.90923,0.339328,4.93622,0.10555,0.670016,5.54262,0.0378983,0.608963,5.54262,1.01885,0.520124,-1.93634,-0.807752,-0.0139061,-5.37262,-0.90923,0.154389,-4.86729,-0.630166,0.0364761,5.54262,0.0378983,0.608963,5.65163,0.662487,0.516311,5.54262,1.01885,0.520124,3.31914,-0.90923,0.554537,4.20968,-0.923074,0.500317,5.54262,-0.90923,0.46215,-1.2648,1.14067,0.770622,4.93622,0.10555,0.670016,5.54262,1.01885,0.520124,4.20968,-0.923074,0.500317,2.04525,-0.962983,0.163393,5.54262,-0.90923,0.46215,5.6272,-0.217657,0.421281,5.54262,0.545289,0.31368,5.65163,0.662487,0.516311,2.04525,-0.962983,0.163393,4.93622,-0.90923,0.339756,5.54262,-0.90923,0.46215,5.54262,0.0378983,0.608963,5.54262,-0.604796,0.578973,5.65163,0.662487,0.516311,4.20968,-0.923074,0.500317,2.70946,-0.940325,0.496358,2.04525,-0.962983,0.163393,5.54262,-0.604796,0.578973,5.6272,-0.217657,0.421281,5.65163,0.662487,0.516311,2.70946,-0.940325,0.496358,-5.97902,-0.90923,0.461891,2.04525,-0.962983,0.163393,5.6272,-0.217657,0.421281,5.56719,-0.339464,0.335995,5.54262,0.545289,0.31368,-5.37262,-0.90923,0.154389,-1.93634,-0.807752,-0.0139061,2.04525,-0.962983,0.163393,5.56719,-0.339464,0.335995,4.93622,0.934288,-0.0494446,5.54262,0.545289,0.31368,2.70946,-0.940325,0.496358,-3.10617,-0.91669,0.493989,-5.97902,-0.90923,0.461891,5.56719,-0.339464,0.335995,5.54262,-0.469492,0.343529,4.93622,0.934288,-0.0494446,4.20968,-0.923074,0.500317,3.31914,-0.90923,0.554537,2.70946,-0.940325,0.496358,5.54262,-0.469492,0.343529,4.53195,-0.486405,0.108915,4.93622,0.934288,-0.0494446,4.53195,-0.486405,0.108915,0.893534,0.342332,-0.145148,4.93622,0.934288,-0.0494446,0.893534,0.342332,-0.145148,-2.1881,1.15254,0.0046312,4.93622,0.934288,-0.0494446,-6.98969,1.18798,0.46215,-6.58542,0.951201,0.66401,-1.2648,1.14067,0.770622,-6.58542,0.951201,0.66401,-6.98969,-0.807752,0.717103,-1.2648,1.14067,0.770622,-6.98969,-0.807752,0.717103,4.53195,-0.604796,0.739168,-1.2648,1.14067,0.770622,4.53195,-0.604796,0.739168,4.93622,0.10555,0.670016,-1.2648,1.14067,0.770622,0.893534,0.342332,-0.145148,-6.98969,0.240854,0.109661,-2.1881,1.15254,0.0046312,-6.40883,-0.525744,0.128536,-6.98969,-0.90923,0.339328,-6.98969,0.240854,0.109661,-6.98969,-0.90923,0.339328,-6.98969,-0.807752,0.717103,-6.98969,0.849723,0.564389,-6.98969,-0.90923,0.339328,-6.98969,0.849723,0.564389,-6.98969,1.18798,0.46215,-6.98969,0.240854,0.109661,-6.98969,1.18798,0.46215,-6.95851,1.04707,0.400301,-6.98969,0.240854,0.109661]},"normal":{"type":"float32","components":3,