{"model":{"version":2,"nodes":[{"name":"RootNode","position":[0,0,0],"rotation":[0,0,0],"scale":[1,1,1]},{"name":"rock_big2","position":[0,0,0],"rotation":[-90,0,0],"scale":[1,1,1]}],"parents":[-1,0],"skins":[],"vertices":[{"position":{"type":"float32","components":3,"data":[-0.0205958,-1.17312,0.59927,0.585734,-0.637903,0.367958,0.124133,-1.00438,0.955227,-0.0952314,-1.23859,0.0844019,0.572892,-0.685494,-0.135029,0.0334719,-1.07127,0.962377,-0.0154325,0.757404,0.82688,0.0601908,1.01279,0.611536,0.00746296,1.04775,0.563959,-0.0736289,0.744126,0.821136,0.124133,-1.00438,0.955227,0.324069,0.172533,1.02924,0.18574,-0.408948,1.05256,0.208472,0.976854,0.46602,0.908811,0.281802,-0.262766,0.845233,0.397925,-0.390539,0.842116,0.197891,0.0334958,0.619241,0.325449,0.61873,0.0601908,1.01279,0.611536,-0.0154325,0.757404,0.82688,0.208472,0.976854,0.46602,0.619241,0.325449,0.61873,0.324069,0.172533,1.02924,0.842116,0.197891,0.0334958,0.909076,0.253173,-0.349586,0.908811,0.281802,-0.262766,0.799959,-0.088288,-0.555623,0.572892,-0.685494,-0.135029,0.585734,-0.637903,0.367958,-0.0205958,-1.17312,0.59927,-0.109695,-1.1903,0.353281,-0.0952314,-1.23859,0.0844019,-0.811533,0.13356,-0.452005,-0.891799,-0.115267,-0.265841,-0.760982,0.329312,-0.352441,0.119397,1.07217,-0.151455,0.159825,0.852145,-0.525193,0.0354921,0.984303,-0.376771,0.673511,0.445566,-0.608975,0.845233,0.397925,-0.390539,0.0354921,0.984303,-0.376771,-0.760982,0.329312,-0.352441,-0.480372,1.1312,-0.0220797,-0.39513,-0.013776,-0.787645,-0.811533,0.13356,-0.452005,0.159825,0.852145,-0.525193,-0.137285,0.012702,-0.886338,0.124133,-1.00438,0.955227,-0.231649,-0.752381,0.973856,0.0334719,-1.07127,0.962377,0.18574,-0.408948,1.05256,0.672519,-0.0236111,-0.769511,0.909076,0.253173,-0.349586,0.799959,-0.088288,-0.555623,0.673511,0.445566,-0.608975,0.845233,0.397925,-0.390539,0.208472,0.976854,0.46602,0.119397,1.07217,-0.151455,-0.0446803,1.19166,0.0757976,0.0344013,1.11165,0.392923,0.845233,0.397925,-0.390539,0.324069,0.172533,1.02924,-0.0736289,0.744126,0.821136,-0.701546,-0.188304,0.638267,0.18574,-0.408948,1.05256,-0.231649,-0.752381,0.973856,-0.0154325,0.757404,0.82688,-0.439302,1.18729,0.0860836,0.0344013,1.11165,0.392923,-0.0446803,1.19166,0.0757976,0.00746296,1.04775,0.563959,0.159825,0.852145,-0.525193,0.673511,0.445566,-0.608975,-0.137285,0.012702,-0.886338,0.253338,-0.229449,-0.945156,0.672519,-0.0236111,-0.769511,-0.480372,1.1312,-0.0220797,-0.756856,-0.149522,0.534441,-0.439302,1.18729,0.0860836,-0.760982,0.329312,-0.352441,-0.891799,-0.115267,-0.265841,-0.756856,-0.149522,0.534441,-0.109695,-1.1903,0.353281,-0.701546,-0.188304,0.638267,-0.231649,-0.752381,0.973856,-0.891799,-0.115267,-0.265841,0.0334719,-1.07127,0.962377,-0.0952314,-1.23859,0.0844019,-0.391192,-0.922503,-0.545128,-0.283001,-1.07723,-0.587763,0.00746296,1.04775,0.563959,0.208472,0.976854,0.46602,0.0344013,1.11165,0.392923,0.0601908,1.01279,0.611536,-0.756856,-0.149522,0.534441,0.00746296,1.04775,0.563959,-0.439302,1.18729,0.0860836,-0.0736289,0.744126,0.821136,-0.701546,-0.188304,0.638267,0.572892,-0.685494,-0.135029,0.672519,-0.0236111,-0.769511,0.799959,-0.088288,-0.555623,0.253338,-0.229449,-0.945156,-0.283001,-1.07723,-0.587763,-0.0952314,-1.23859,0.0844019,0.909076,0.253173,-0.349586,0.845233,0.397925,-0.390539,0.908811,0.281802,-0.262766,-0.0205958,-1.17312,0.59927,0.0334719,-1.07127,0.962377,-0.109695,-1.1903,0.353281,-0.811533,0.13356,-0.452005,-0.39513,-0.013776,-0.787645,-0.891799,-0.115267,-0.265841,-0.391192,-0.922503,-0.545128,0.619241,0.325449,0.61873,0.585734,-0.637903,0.367958,0.842116,0.197891,0.0334958,0.324069,0.172533,1.02924,0.124133,-1.00438,0.955227,0.0354921,0.984303,-0.376771,-0.0446803,1.19166,0.0757976,0.119397,1.07217,-0.151455,-0.480372,1.1312,-0.0220797,-0.439302,1.18729,0.0860836,0.253338,-0.229449,-0.945156,-0.391192,-0.922503,-0.545128,-0.137285,0.012702,-0.886338,-0.39513,-0.013776,-0.787645,-0.283001,-1.07723,-0.587763]},"normal":{"type":"float32","components":3,"data":[0.658711,-0.751122,0.0433668,0.658711,-0.751122,0.0433668,0.658711,-0.751122,0.0433668,0.658711,-0.751122,0.0433668,0.658711,-0.751122,0.0433668,0.658711,-0.751122,0.0433668,-0.214057,0.664876,0.715598,-0.214057,0.664876,0.715598,-0.214057,0.664876,0.715598,-0.214057,0.664876,0.715598,0.821802,-0.173711,0.542619,0.821802,-0.173711,0.542619,0.821802,-0.173711,0.542619,0.806909,0.545915,0.22544,0.806909,0.545915,0.22544,0.806909,0.545915,0.22544,0.806909,0.545915,0.22544,0.806909,0.545915,0.22544,0.578295,0.510819,0.636067,0.578295,0.510819,0.636067,0.578295,0.510819,0.636067,0.578295,0.510819,0.636067,0.578295,0.510819,0.636067,0.949797,-0.308206,0.0534684,0.949797,-0.308206,0.0534684,0.949797,-0.308206,0.0534684,0.949797,-0.308206,0.0534684,0.949797,-0.308206,0.0534684,0.949797,-0.308206,0.0534684,-0.2519,-0.954772,0.157903,-0.2519,-0.954772,0.157903,-0.2519,-0.954772,0.157903,-0.960723,0.27311,-0.0491653,-0.960723,0.27311,-0.0491653,-0.960723,0.27311,-0.0491653,0.546861,0.758812,-0.353679,0.546861,0.758812,-0.353679,0.546861,0.758812,-0.353679,0.546861,0.758812,-0.353679,0.546861,0.758812,-0.353679,-0.409986,0.48323,-0.773522,-0.409986,0.48323,-0.773522,-0.409986,0.48323,-0.773522,-0.409986,0.48323,-0.773522,-0.409986,0.48323,-0.773522,-0.409986,0.48323,-0.773522,-0.409986,0.48323,-0.773522,-0.0375683,-0.126316,0.991272,-0.0375683,-0.126316,0.991272,-0.0375683,-0.126316,0.991272,-0.0375683,-0.126316,0.991272,0.817621,0.14423,-0.557329,0.817621,0.14423,-0.557329,0.817621,0.14423,-0.557329,0.817621,0.14423,-0.557329,0.817621,0.14423,-0.557329,0.665609,0.745994,0.0202338,0.665609,0.745994,0.0202338,0.665609,0.745994,0.0202338,0.665609,0.745994,0.0202338,0.665609,0.745994,0.0202338,-0.375164,0.133366,0.917295,-0.375164,0.133366,0.917295,-0.375164,0.133366,0.917295,-0.375164,0.133366,0.917295,-0.375164,0.133366,0.917295,-0.375164,0.133366,0.917295,-0.0321665,0.957732,0.285775,-0.0321665,0.957732,0.285775,-0.0321665,0.957732,0.285775,-0.0321665,0.957732,0.285775,0.138829,0.359203,-0.922849,0.138829,0.359203,-0.922849,0.138829,0.359203,-0.922849,0.138829,0.359203,-0.922849,0.138829,0.359203,-0.922849,-0.94525,0.282937,0.16245,-0.94525,0.282937,0.16245,-0.94525,0.282937,0.16245,-0.94525,0.282937,0.16245,-0.94525,0.282937,0.16245,-0.818354,-0.555589,0.146916,-0.818354,-0.555589,0.146916,-0.818354,-0.555589,0.146916,-0.818354,-0.555589,0.146916,-0.818354,-0.555589,0.146916,-0.818354,-0.555589,0.146916,-0.818354,-0.555589,0.146916,-0.818354,-0.555589,0.146916,-0.818354,-0.555589,0.146916,0.45085,0.832057,0.323069,0.45085,0.832057,0.323069,0.45085,0.832057,0.323069,0.45085,0.832057,0.323069,-0.689962,0.419416,0.589892,-0.689962,0.419416,0.589892,-0.689962,0.419416,0.589892,-0.689962,0.419416,0.589892,-0.689962,0.419416,0.589892,0.560381,-0.661122,-0.498825,0.560381,-0.661122,-0.498825,0.560381,-0.661122,-0.498825,0.560381,-0.661122,-0.498825,0.560381,-0.661122,-0.498825,0.560381,-0.661122,-0.498825,0.920438,0.372021,-0.119846,0.920438,0.372021,-0.119846,0.920438,0.372021,-0.119846,-0.672231,-0.680685,0.291025,-0.672231,-0.680685,0.291025,-0.672231,-0.680685,0.291025,-0.686911,-0.212104,-0.695059,-0.686911,-0.212104,-0.695059,-0.686911,-0.212104,-0.695059,-0.686911,-0.212104,-0.695059,0.855739,-0.159978,0.492019,0.855739,-0.159978,0.492019,0.855739,-0.159978,0.492019,0.855739,-0.159978,0.492019,0.855739,-0.159978,0.492019,-0.00344859,0.906583,-0.421979,-0.00344859,0.906583,-0.421979,-0.00344859,0.906583,-0.421979,-0.00344859,0.906583,-0.421979,-0.00344859,0.906583,-0.421979,-0.341777,-0.215613,-0.914701,-0.341777,-0.215613,-0.914701,-0.341777,-0.215613,-0.914701,-0.341777,-0.215613,-0.914701,-0.341777,-0.215613,-0.914701]}}],"meshes":[{"aabb":{"min":[-0.891799,-1.23859,-0.945156],"max":[0.909076,1.19166,1.05256]},"vertices":0,