{"model":{"version":2,"nodes":[{"name":"RootNode","position":[0,0,0],"rotation":[0,0,0],"scale":[1,1,1]},{"name":"rock_small1","position":[0,0,0],"rotation":[-90,0,0],"scale":[1,1,1]}],"parents":[-1,0],"skins":[],"vertices":[{"position":{"type":"float32","components":3,"data":[0.365978,0.473601,0.161377,0.520631,0.363023,0.0652597,0.531824,0.415936,0.0528209,0.381825,0.141855,0.240507,0.562186,-0.0172518,0.166126,0.0477105,0.717523,0.0211139,0.376917,0.502388,0.00596955,0.145676,0.771946,-0.151012,0.365978,0.473601,0.161377,0.0562633,0.798121,-0.147228,-0.00480065,0.717127,0.160144,0.531824,0.415936,0.0528209,0.112961,-0.830618,-0.0344233,-0.162762,-0.862215,0.0624823,0.0746343,-0.725012,-0.106224,0.0815402,-0.656557,-0.219955,-0.626494,-0.191674,-0.0134488,-0.510512,0.115776,-0.198714,0.591222,-0.540761,0.113056,0.105933,-0.835291,0.155033,0.273774,-0.774592,0.0689247,0.1063,-0.868537,0.0207884,0.381825,0.141855,0.240507,-0.508343,-0.0117558,0.221818,-0.328028,-0.480968,0.321706,-0.00480065,0.717127,0.160144,-0.378663,0.302799,0.306778,0.365978,0.473601,0.161377,-0.400921,0.319031,0.279583,-0.589851,-0.457971,0.293359,0.591222,-0.540761,0.113056,0.381825,0.141855,0.240507,-0.328028,-0.480968,0.321706,0.105933,-0.835291,0.155033,0.562186,-0.0172518,0.166126,0.663416,-0.362098,0.121365,0.0815402,-0.656557,-0.219955,0.567691,-0.0956792,-0.00966813,0.611095,-0.520664,0.0814033,0.273774,-0.774592,0.0689247,0.1063,-0.868537,0.0207884,0.112961,-0.830618,-0.0344233,0.12448,-0.714181,-0.10258,0.49768,0.277962,-0.204742,0.564211,0.249196,-0.117018,0.544114,0.18964,0.00870045,0.531824,0.415936,0.0528209,0.520631,0.363023,0.0652597,-0.378663,0.302799,0.306778,-0.390049,0.593082,0.0534424,-0.400921,0.319031,0.279583,-0.00480065,0.717127,0.160144,0.531159,0.316563,-0.0156834,0.376917,0.502388,0.00596955,0.531824,0.415936,0.0528209,-0.117234,-0.858102,0.121759,0.1063,-0.868537,0.0207884,0.105933,-0.835291,0.155033,-0.162762,-0.862215,0.0624823,-0.270597,-0.822966,0.117042,0.531159,0.316563,-0.0156834,0.544114,0.18964,0.00870045,0.564211,0.249196,-0.117018,0.531824,0.415936,0.0528209,0.567691,-0.0956792,-0.00966813,0.145676,0.771946,-0.151012,-0.0380701,0.757783,-0.155787,0.0562633,0.798121,-0.147228,-0.510512,0.115776,-0.198714,0.212783,0.664289,-0.129233,0.49768,0.277962,-0.204742,-0.411583,0.516365,-0.173522,0.0815402,-0.656557,-0.219955,-0.395903,0.644939,-0.159763,0.0477105,0.717523,0.0211139,0.0562633,0.798121,-0.147228,-0.0346077,0.697819,0.011944,-0.267283,0.684898,-0.154402,-0.392912,0.60988,-0.0080294,-0.0380701,0.757783,-0.155787,-0.380196,0.656068,-0.101393,0.520631,0.363023,0.0652597,0.562186,-0.0172518,0.166126,0.544114,0.18964,0.00870045,0.663416,-0.362098,0.121365,-0.635967,-0.324017,0.0660807,-0.572939,-0.525844,0.11328,-0.636153,-0.37677,0.25069,-0.0380701,0.757783,-0.155787,-0.395903,0.644939,-0.159763,-0.267283,0.684898,-0.154402,-0.270597,-0.822966,0.117042,-0.405042,-0.690394,0.226679,-0.373547,-0.758805,0.139131,-0.117234,-0.858102,0.121759,0.112961,-0.830618,-0.0344233,0.1063,-0.868537,0.0207884,-0.162762,-0.862215,0.0624823,0.611095,-0.520664,0.0814033,0.591222,-0.540761,0.113056,0.273774,-0.774592,0.0689247,0.611095,-0.520664,0.0814033,0.663416,-0.362098,0.121365,0.591222,-0.540761,0.113056,0.145676,0.771946,-0.151012,0.376917,0.502388,0.00596955,0.212783,0.664289,-0.129233,0.49768,0.277962,-0.204742,0.531159,0.316563,-0.0156834,0.564211,0.249196,-0.117018,-0.00480065,0.717127,0.160144,-0.0346077,0.697819,0.011944,-0.390049,0.593082,0.0534424,0.0477105,0.717523,0.0211139,-0.392912,0.60988,-0.0080294,-0.394394,0.60331,0.0226833,-0.636153,-0.37677,0.25069,-0.589851,-0.457971,0.293359,-0.508343,-0.0117558,0.221818,-0.267283,0.684898,-0.154402,-0.395903,0.644939,-0.159763,-0.380196,0.656068,-0.101393,-0.589851,-0.457971,0.293359,-0.405042,-0.690394,0.226679,-0.328028,-0.480968,0.321706,-0.117234,-0.858102,0.121759,0.105933,-0.835291,0.155033,0.544114,0.18964,0.00870045,0.663416,-0.362098,0.121365,0.567691,-0.0956792,-0.00966813,0.611095,-0.520664,0.0814033,-0.395903,0.644939,-0.159763,-0.421361,0.601034,-0.0843634,-0.380196,0.656068,-0.101393,-0.392912,0.60988,-0.0080294,-0.394394,0.60331,0.0226833,0.0746343,-0.725012,-0.106224,0.12448,-0.714181,-0.10258,0.112961,-0.830618,-0.0344233,-0.421361,0.601034,-0.0843634,-0.510512,0.115776,-0.198714,-0.596667,-0.0923829,-0.0406243,-0.411583,0.516365,-0.173522,-0.395903,0.644939,-0.159763,-0.626494,-0.191674,-0.0134488,-0.162762,-0.862215,0.0624823,-0.373547,-0.758805,0.139131,-0.572939,-0.525844,0.11328,-0.635967,-0.324017,0.0660807,-0.270597,-0.822966,0.117042,-0.405042,-0.690394,0.226679,-0.589851,-0.457971,0.293359,-0.572939,-0.525844,0.11328,-0.373547,-0.758805,0.139131,-0.636153,-0.37677,0.25069,-0.421361,0.601034,-0.0843634,-0.390049,0.593082,0.0534424,-0.394394,0.60331,0.0226833,-0.400921,0.319031,0.279583,-0.596667,-0.0923829,-0.0406243,-0.626494,-0.191674,-0.0134488,-0.508343,-0.0117558,0.221818,-0.635967,-0.324017,0.0660807,-0.636153,-0.37677,0.25069,0.0815402,-0.656557,-0.219955,0.12448,-0.714181,-0.10258,0.0746343,-0.725012,-0.106224,-0.596667,-0.0923829,-0.0406243,-0.510512,0.115776,-0.198714,-0.626494,-0.191674,-0.0134488]},"normal":{"type":"float32","components":3,