{"model":{"version":2,"nodes":[{"name":"RootNode","position":[0,0,0],"rotation":[0,0,0],"scale":[1,1,1]},{"name":"rock_big1","position":[0,0,0],"rotation":[-90,0,0],"scale":[1,1,1]}],"parents":[-1,0],"skins":[],"vertices":[{"position":{"type":"float32","components":3,"data":[0.24326,-0.547341,-0.99696,0.419694,-1.01653,-0.0690671,-0.489035,-0.941083,-0.56166,0.555284,-0.981229,-0.104843,-0.460526,-0.816039,-0.790545,-0.302053,-0.00968057,0.967629,-0.756941,0.428846,0.930972,-0.789647,0.27035,0.927389,0.109706,0.267614,1.00062,-0.271709,0.824479,-0.560672,0.415885,0.970899,-0.193268,0.414568,0.870217,-0.340497,0.35857,1.04901,0.0010871,0.906925,-0.606237,0.226784,0.851282,-0.202167,0.61699,0.823865,-0.403452,0.583583,0.868135,-0.717198,0.333529,0.859043,-0.730154,0.182755,-0.756941,0.428846,0.930972,-0.934463,0.340049,0.807037,-0.789647,0.27035,0.927389,-0.934463,0.340049,0.807037,-0.90138,0.160131,0.767282,-0.789647,0.27035,0.927389,-0.90138,0.160131,0.767282,0.256129,-0.751896,0.532214,-0.302053,-0.00968057,0.967629,-0.789647,0.27035,0.927389,0.256129,-0.751896,0.532214,0.109706,0.267614,1.00062,-0.302053,-0.00968057,0.967629,0.851282,-0.202167,0.61699,0.823865,-0.403452,0.583583,0.681308,-0.655662,0.525593,0.753704,0.326278,0.804746,0.621209,0.0203564,-0.53644,-0.560737,0.683656,-0.745226,-0.271709,0.824479,-0.560672,0.24326,-0.547341,-0.99696,0.414568,0.870217,-0.340497,0.792892,-0.808711,0.325039,0.681308,-0.655662,0.525593,0.256129,-0.751896,0.532214,-0.739438,-0.203833,0.374728,-0.952162,0.364564,0.231212,-0.947721,0.302148,0.0641417,-0.90138,0.160131,0.767282,-0.934463,0.340049,0.807037,0.444795,1.01334,-0.0087367,0.415885,0.970899,-0.193268,0.35857,1.04901,0.0010871,-1.14479,0.138109,-0.477394,-0.739438,-0.203833,0.374728,-0.947721,0.302148,0.0641417,-1.01997,-0.643854,-0.450009,0.859043,-0.730154,0.182755,0.599025,-0.914223,0.0853148,0.555284,-0.981229,-0.104843,0.792892,-0.808711,0.325039,0.868135,-0.717198,0.333529,0.24326,-0.547341,-0.99696,-0.695627,0.623362,-0.682389,-0.560737,0.683656,-0.745226,-1.14479,0.138109,-0.477394,-0.460526,-0.816039,-0.790545,-1.01997,-0.643854,-0.450009,-1.02761,0.366823,-0.599292,-0.769213,-0.826811,-0.601675,0.681308,-0.655662,0.525593,0.792892,-0.808711,0.325039,0.868135,-0.717198,0.333529,0.823865,-0.403452,0.583583,0.74842,0.381378,0.729066,0.109706,0.267614,1.00062,0.753704,0.326278,0.804746,0.35857,1.04901,0.0010871,-0.756941,0.428846,0.930972,0.444795,1.01334,-0.0087367,-1.01997,-0.643854,-0.450009,-0.769213,-0.826811,-0.601675,-0.777282,-0.790969,-0.308326,0.74842,0.381378,0.729066,0.414568,0.870217,-0.340497,0.444795,1.01334,-0.0087367,0.621209,0.0203564,-0.53644,0.851282,-0.202167,0.61699,0.415885,0.970899,-0.193268,0.906925,-0.606237,0.226784,0.419694,-1.01653,-0.0690671,0.555284,-0.981229,-0.104843,0.599025,-0.914223,0.0853148,-0.777282,-0.790969,-0.308326,0.256129,-0.751896,0.532214,-0.739438,-0.203833,0.374728,-1.01997,-0.643854,-0.450009,-0.90138,0.160131,0.767282,0.555284,-0.981229,-0.104843,0.906925,-0.606237,0.226784,0.859043,-0.730154,0.182755,0.621209,0.0203564,-0.53644,0.24326,-0.547341,-0.99696,-1.14479,0.138109,-0.477394,-0.988621,0.460413,-0.565541,-1.02761,0.366823,-0.599292,-0.947721,0.302148,0.0641417,-0.952162,0.364564,0.231212,0.256129,-0.751896,0.532214,0.599025,-0.914223,0.0853148,0.792892,-0.808711,0.325039,0.419694,-1.01653,-0.0690671,-0.777282,-0.790969,-0.308326,-0.489035,-0.941083,-0.56166,-0.769213,-0.826811,-0.601675,-0.756941,0.428846,0.930972,-0.952162,0.364564,0.231212,-0.934463,0.340049,0.807037,-0.695627,0.623362,-0.682389,-0.271709,0.824479,-0.560672,-0.560737,0.683656,-0.745226,0.35857,1.04901,0.0010871,-0.988621,0.460413,-0.565541,-1.02761,0.366823,-0.599292,-0.988621,0.460413,-0.565541,-0.695627,0.623362,-0.682389,-0.460526,-0.816039,-0.790545,-0.489035,-0.941083,-0.56166,-0.769213,-0.826811,-0.601675,0.851282,-0.202167,0.61699,0.74842,0.381378,0.729066,0.753704,0.326278,0.804746,-0.739438,-0.203833,0.374728,-0.777282,-0.790969,-0.308326,0.859043,-0.730154,0.182755,0.792892,-0.808711,0.325039,0.906925,-0.606237,0.226784,0.555284,-0.981229,-0.104843,-0.90138,0.160131,0.767282,-0.302053,-0.00968057,0.967629]},"normal":{"type":"float32","components":3,