{"model":{"version":2,"nodes":[{"name":"RootNode","position":[0,0,0],"rotation":[0,0,0],"scale":[1,1,1]},{"name":"match.007","position":[0,0,0],"rotation":[-90,0,0],"scale":[1,1,1]}],"parents":[-1,0],"skins":[],"vertices":[{"position":{"type":"float32","components":3,"data":[0.145803,1.42583e-07,0.145802,-0.145802,-1.95977,0.145802,0.145803,-1.95977,0.145802,-0.145803,1.15424e-07,0.145802,-0.145802,-1.95977,0.145802,-0.145803,1.15424e-07,0.145802,-0.145803,8.82654e-08,-0.145803,-0.145802,-1.95977,-0.145803,0.145803,1.42583e-07,0.145802,-0.145803,8.82654e-08,-0.145803,-0.145803,1.15424e-07,0.145802,0.145803,1.15424e-07,-0.145803,0.145803,1.15424e-07,-0.145803,0.145803,-1.95977,-0.145803,-0.145802,-1.95977,-0.145803,-0.145803,8.82654e-08,-0.145803,0.145803,-1.95977,0.145802,0.145803,1.15424e-07,-0.145803,0.145803,1.42583e-07,0.145802,0.145803,-1.95977,-0.145803,-0.145802,-1.95977,0.145802,-0.145802,-1.95977,-0.145803,0.145803,-1.95977,0.145802,0.145803,-1.95977,-0.145803]},"normal":{"type":"float32","components":3,"data":[0,-2.28106e-08,1,0,-2.28106e-08,1,0,-2.28106e-08,1,0,-2.28106e-08,1,-1,-8.20261e-08,-5.11005e-08,-1,-8.20261e-08,-5.11005e-08,-1,-8.20261e-08,-5.11005e-08,-1,-8.20261e-08,-5.11005e-08,-9.31348e-08,1,-9.31348e-08,-9.31348e-08,1,-9.31348e-08,-9.31348e-08,1,-9.31348e-08,-9.31348e-08,1,-9.31348e-08,0,7.60354e-09,-1,0,7.60354e-09,-1,0,7.60354e-09,-1,0,7.60354e-09,-1,1,6.35548e-08,0,1,6.35548e-08,0,1,6.35548e-08,0,1,6.35548e-08,0,0,-1,0,0,-1,0,0,-1,0,0,-1,0]}}],"meshes":[{"aabb":{"min":[-0.145803,-1.95977,-0.145803],"max":[0.145803,1.42583e-07,0.145802]},"vertices":0,"indices":[0,1,2,1,0,3,4,5,6,4,6,7,8,9,10,9,8,11,12,13,14,14,15,12,16,17,18,17,16,19,20,21,22,22,21,23],"type":"triangles","base":0,"count":36}],"meshInstances":[{"node":1,"mesh":0}]}}