{"model":{"version":2,"nodes":[{"name":"RootNode","position":[0,0,0],"rotation":[0,0,0],"scale":[1,1,1]},{"name":"fence","position":[-0.0187554,0.0570559,0.0237036],"rotation":[-90,0,0],"scale":[1,1,1]}],"parents":[-1,0],"skins":[],"vertices":[{"position":{"type":"float32","components":3,"data":[5.66202,-0.0816693,1.81838,5.66202,0.198023,-0.181616,5.66202,0.198023,1.81838,5.66202,-0.0816693,-0.181616,5.26126,-0.0816693,-0.181616,5.66202,0.198023,-0.181616,5.66202,-0.0816693,-0.181616,5.26126,0.198023,-0.181616,-0.200381,-0.139846,2,0.20038,-0.139846,0,0.20038,-0.139846,2,-0.200381,-0.139846,0,-0.20038,0.139846,2,0.20038,-0.139846,2,0.200381,0.139846,2,-0.200381,-0.139846,2,-6.23628,0.274842,0.597549,5.53095,0.274842,0.597549,5.53095,0.274842,0.178416,-6.23628,0.274842,0.178416,-6.23628,0.274842,0.597549,-6.23628,0.274842,0.178416,-6.23628,0.0443559,0.597549,-6.23628,0.0443559,0.178416,-6.21876,-0.0619907,-0.102112,5.26126,0.198023,-0.181616,5.26126,-0.0816693,-0.181616,-6.21876,0.217702,-0.102112,-6.20334,0.25537,1.44118,5.53095,0.274842,0.597549,-6.23628,0.274842,0.597549,5.56389,0.25537,1.44118,-3.11693,0.167979,1.95682,-6.21876,0.217702,1.89789,-6.21876,-0.0619907,1.89789,-3.11693,-0.111713,1.95682,5.66202,-0.0816693,1.81838,0.20038,-0.139846,2,0.20038,-0.139846,0,5.66202,-0.0816693,-0.181616,-6.21876,-0.0619907,1.89789,-6.23628,0.0443559,0.597549,-6.23628,0.0443559,0.178416,-6.21876,-0.0619907,1.89789,-6.23628,0.0443559,0.178416,-6.21876,-0.0619907,-0.102112,-5.818,0.217702,-0.102112,5.53095,0.274842,0.178416,5.66202,0.198023,-0.181616,5.53095,0.274842,0.178416,5.53095,0.274842,0.597549,5.66202,0.198023,1.81838,5.53095,0.274842,0.178416,5.66202,0.198023,1.81838,5.66202,0.198023,-0.181616,-6.23628,0.274842,0.178416,-5.818,0.217702,-0.102112,-6.21876,0.217702,-0.102112,2.90937,-0.100203,1.96618,0.20038,-0.139846,2,5.66202,-0.0816693,1.81838,-0.20038,0.139846,2,-3.11693,0.167979,1.95682,-3.11693,-0.111713,1.95682,-0.200381,-0.139846,2,0.200381,0.139846,2,2.90937,-0.100203,1.96618,2.90937,0.17949,1.96618,0.20038,-0.139846,2,-6.21876,-0.0619907,1.89789,-3.11693,-0.111713,-0.0431782,-3.11693,-0.111713,1.95682,-6.21876,-0.0619907,-0.102112,-6.23628,0.0443559,0.178416,-6.23628,0.274842,0.178416,-6.21876,0.217702,-0.102112,-6.21876,-0.0619907,-0.102112,5.53095,0.274842,0.597549,5.56389,0.25537,1.44118,5.66202,0.198023,1.81838,5.56389,0.25537,1.44118,-5.818,0.217702,1.89789,5.66202,0.198023,1.81838,-5.818,0.217702,1.89789,2.90937,0.17949,1.96618,5.66202,0.198023,1.81838,-6.23628,0.274842,0.178416,5.53095,0.274842,0.178416,-5.818,0.217702,-0.102112,-3.11693,-0.111713,1.95682,-0.200381,-0.139846,0,-0.200381,-0.139846,2,-3.11693,-0.111713,-0.0431782,-6.21876,0.217702,1.89789,-3.11693,0.167979,1.95682,-0.20038,0.139846,2,0.200381,0.139846,2,2.90937,0.17949,1.96618,2.50861,0.17949,1.96618,0.200381,0.139846,2,2.50861,0.17949,1.96618,-0.20038,0.139846,2,2.50861,0.17949,1.96618,-6.21876,0.217702,1.89789,-0.20038,0.139846,2,-6.20334,0.25537,1.44118,-6.23628,0.274842,0.597549,-6.21876,0.217702,1.89789,2.50861,0.17949,1.96618,2.90937,0.17949,1.96618,-5.818,0.217702,1.89789,5.66202,-0.0816693,-0.181616,0.20038,-0.139846,0,-0.200381,-0.139846,0,2.50861,0.17949,1.96618,-5.818,0.217702,1.89789,-6.21876,0.217702,1.89789,5.66202,-0.0816693,-0.181616,-0.200381,-0.139846,0,5.26126,-0.0816693,-0.181616,-5.818,0.217702,1.89789,5.56389,0.25537,1.44118,-6.20334,0.25537,1.44118,-0.200381,-0.139846,0,-3.11693,-0.111713,-0.0431782,5.26126,-0.0816693,-0.181616,-5.818,0.217702,1.89789,-6.20334,0.25537,1.44118,-6.21876,0.217702,1.89789,-3.11693,-0.111713,-0.0431782,-6.21876,-0.0619907,-0.102112,5.26126,-0.0816693,-0.181616,-6.21876,0.217702,1.89789,-6.23628,0.0443559,0.597549,-6.21876,-0.0619907,1.89789,-6.23628,0.274842,0.597549,2.90937,0.17949,1.96618,5.66202,-0.0816693,1.81838,5.66202,0.198023,1.81838,2.90937,-0.100203,1.96618,-6.21876,0.217702,-0.102112,-5.818,0.217702,-0.102112,5.66202,0.198023,-0.181616,-6.21876,0.217702,-0.102112,5.66202,0.198023,-0.181616,5.26126,0.198023,-0.181616]},"normal":{"type":"float32","components":3,"data":[1,0,0,1,0,0,1,0,0,1,0,0,0,0,-1,0,0,-1,0,0,-1,0,0,-1,0,-1,0,0,-1,0,0,-1,0,0,-1,0,0,0,1,0,0,1,0,0,1,0,0,1,4.05225e-08,1,0,4.05225e-08,1,0,4.05225e-08,1,0,4.05225e-08,1,0,-1,0,0,-1,0,0,-1,0,0,-1,0,0,-0.00692526,0,-0.999976,-0.00692526,0,-0.999976,-0.00692526,0,-0.999976,-0.00692526,0,-0.999976,4.05176e-08,0.999734,0.0230753,4.05176e-08,0.999734,0.0230753,4.05176e-08,0.999734,0.0230753,4.05176e-08,0.999734,0.0230753,-0.0189962,0,0.99982,-0.0189962,0,0.99982,-0.0189962,0,0.99982,-0.0189962,0,0.99982,0.0106513,-0.999943,0,0.0106513,-0.999943,0,0.0106513,-0.999943,0,0.0106513,-0.999943,0,-0.986691,-0.162606,0,-0.986691,-0.162606,0,-0.986691,-0.162606,0,-0.986695,-0.16258,0,-0.986695,-0.16258,0,-0.986695,-0.16258,0,0.000231896,0.978004,-0.208588,0.000231896,0.978004,-0.208588,0.000231896,0.978004,-0.208588,0.505618,0.862757,0,0.505618,0.862757,0,0.505618,0.862757,0,0.505618,0.862758,0,0.505618,0.862758,0,0.505618,0.862758,0,0,0.97988,-0.199589,0,0.97988,-0.199589,0,0.97988,-0.199589,0.016721,-0.981972,0.188286,0.016721,-0.981972,0.188286,0.016721,-0.981972,0.188286,-0.0148029,1.82651e-08,0.99989,-0.0148029,1.82651e-08,0.99989,-0.0148029,1.82651e-08,0.99989,-0.0148029,1.82651e-08,0.99989,0.0124834,-1.47489e-08,0.999922,0.0124834,-1.47489e-08,0.999922,0.0124834,-1.47489e-08,0.999922,0.0124834,-1.47489e-08,0.999922,-0.0160281,-0.999872,0,-0.0160281,-0.999872,0,-0.0160281,-0.999872,0,-0.0160281,-0.999872,0,-0.998055,0,-0.0623404,-0.998055,0,-0.0623404,-0.998055,0,-0.0623404,-0.998055,0,-0.0623404,0.503766,0.86384,0.000267228,0.503766,0.86384,0.000267228,0.503766,0.86384,0.000267228,0.00273095,0.988742,0.149607,0.00273095,0.988742,0.149607,0.00273095,0.988742,0.149607,0.00291781,0.984072,0.177744,0.00291781,0.984072,0.177744,0.00291781,0.984072,0.177744,3.96711e-08,0.979879,-0.19959,3.96711e-08,0.979879,-0.19959,3.96711e-08,0.979879,-0.19959,-0.0096455,-0.999954,0,-0.0096455,-0.999954,0,-0.0096455,-0.999954,0,-0.0096455,-0.999954,0,-0.00707499,0.549153,0.835692,-0.00707499,0.549153,0.835692,-0.00707499,0.549153,0.835692,0,0.649018,0.760773,0,0.649018,0.760773,0,0.649018,0.760773,0,0.649017,0.760774,0,0.649017,0.760774,0,0.649017,0.760774,-0.00215136,0.730029,0.683412,-0.00215136,0.730029,0.683412,-0.00215136,0.730029,0.683412,-0.631491,0.774216,0.0425274,-0.631491,0.774216,0.0425274,-0.631491,0.774216,0.0425274,0,0.87268,0.488292,0,0.87268,0.488292,0,0.87268,0.488292,0,-0.952333,-0.30506,0,-0.952333,-0.30506,0,-0.952333,-0.30506,0,0.872673,0.488305,0,0.872673,0.488305,0,0.872673,0.488305,0,-0.952333,-0.305062,0,-0.952333,-0.305062,0,-0.952333,-0.305062,4.07996e-08,0.996616,0.0821979,4.07996e-08,0.996616,0.0821979,4.07996e-08,0.996616,0.0821979,-0.00312564,-0.921198,-0.389083,-0.00312564,-0.921198,-0.389083,-0.00312564,-0.921198,-0.389083,0,0.996616,0.0821983,0,0.996616,0.0821983,0,0.996616,0.0821983,-0.00484827,-0.875389,-0.483394,-0.00484827,-0.875389,-0.483394,-0.00484827,-0.875389,-0.483394,-0.999909,0,0.013474,-0.999909,0,0.013474,-0.999909,0,0.013474,-0.999909,0,0.013474,0.0536148,0,0.998562,0.0536148,0,0.998562,0.0536148,0,0.998562,0.0536148,0,0.998562,0,0.97071,-0.240252,0,0.97071,-0.240252,0,0.97071,-0.240252,0,0.970702,-0.240286,0,0.970702,-0.240286,0,0.970702,-0.240286]}}],"meshes":[{"aabb":{"min":[-6.23628,-0.139846,-0.181616],"max":[5.66202,0.274842,2]},"vertices":0,"indices":[0,1,2,1,0,3,4,5,6,5,4,7,8,9,10,9,8,11,12,13,14,13,12,15,16,17,18,16,18,19,20,21,22,22,21,23,24,25,26,25,24,27,28,29,30,29,28,31,32,33,34,32,34,35,36,37,38,36,38,39,40,41,42,43,44,45,46,47,48,49,50,51,52,53,54,55,56,57,58,59,60,61,62,63,61,63,64,65,66,67,66,65,68,69,70,71,70,69,72,73,74,75,75,76,73,77,78,79,80,81,82,83,84,85,86,87,88,89,90,91,90,89,92,93,94,95,96,97,98,99,100,101,102,103,104,105,106,107,108,109,110,111,112,113,114,115,116,117,118,119,120,121,122,123,124,125,126,127,128,129,130,131,132,133,134,133,132,135,136,137,138,137,136,139,140,141,142,143,144,145],