{"model":{"version":2,"nodes":[{"name":"RootNode","position":[0,0,0],"rotation":[0,0,0],"scale":[1,1,1]},{"name":"plant","position":[0,0,0],"rotation":[-90,0,0],"scale":[1,1,1]}],"parents":[-1,0],"skins":[],"vertices":[{"position":{"type":"float32","components":3,"data":[0.00857561,0.0875262,3.86509,0.00510107,0.153089,3.90539,0.0091309,0.153312,3.90421,0.00402189,0.0868687,3.86628,-0.0242517,0.0571358,-0.0294107,1.67684,0.0406532,1.17967,-0.0242517,-0.00127383,-0.0312171,1.67684,0.0435055,1.17967,-0.0109785,0.154304,3.9023,-0.00728223,0.153699,3.90421,-0.339628,0.892649,3.30809,0.00857561,0.0875262,3.86509,0.0128498,0.153742,3.90229,0.0091309,0.153312,3.90421,-0.0242517,0.0571358,-0.0294107,0.4205,1.21732,1.9256,1.67684,0.0435055,1.17967,0.187289,0.411453,3.45979,1.67684,0.0435055,1.17967,0.4205,1.21732,1.9256,0.0188001,0.155145,3.89657,0.0188001,0.155145,3.89657,0.390518,-0.212165,3.43414,1.67684,0.0435055,1.17967,0.390518,-0.212165,3.43414,0.388379,-0.213668,3.43816,1.67684,0.0435055,1.17967,0.388379,-0.213668,3.43816,0.86207,-0.966473,2.68254,1.67684,0.0435055,1.17967,0.86207,-0.966473,2.68254,1.67684,0.0406532,1.17967,1.67684,0.0435055,1.17967,0.173317,-1.68927,1.76704,-0.0242517,-0.00127383,-0.0312171,1.67684,0.0406532,1.17967,0.86207,-0.966473,2.68254,0.861224,-0.96716,2.68254,1.67684,0.0406532,1.17967,0.861224,-0.96716,2.68254,0.173317,-1.68927,1.76704,1.67684,0.0406532,1.17967,-1.92558,0.182136,1.54684,-1.92526,0.185357,1.54684,-0.0242517,-0.00127383,-0.0312171,-1.92526,0.185357,1.54684,-0.0242517,0.0571358,-0.0294107,-0.0242517,-0.00127383,-0.0312171,0.173317,-1.68927,1.76704,0.17047,-1.68944,1.76704,-0.0242517,-0.00127383,-0.0312171,0.17047,-1.68944,1.76704,-1.92558,0.182136,1.54684,-0.0242517,-0.00127383,-0.0312171,-1.92526,0.185357,1.54684,0.418474,1.21812,1.9256,-0.0242517,0.0571358,-0.0294107,0.418474,1.21812,1.9256,0.4205,1.21732,1.9256,-0.0242517,0.0571358,-0.0294107,0.418474,1.21812,1.9256,-0.338123,0.893161,3.30808,0.4205,1.21732,1.9256,-0.338123,0.893161,3.30808,0.183564,0.41278,3.46236,0.4205,1.21732,1.9256,0.183564,0.41278,3.46236,0.187289,0.411453,3.45979,0.4205,1.21732,1.9256,0.187289,0.411453,3.45979,0.183564,0.41278,3.46236,0.0188001,0.155145,3.89657,0.183564,0.41278,3.46236,0.179425,0.414356,3.46416,0.0188001,0.155145,3.89657,0.179425,0.414356,3.46416,-0.338123,0.893161,3.30808,0.0188001,0.155145,3.89657,-0.338123,0.893161,3.30808,0.0161147,0.15436,3.89971,0.0188001,0.155145,3.89657,0.0161147,0.15436,3.89971,0.383206,-0.218908,3.44459,0.0188001,0.155145,3.89657,0.383206,-0.218908,3.44459,0.38591,-0.215945,3.44169,0.0188001,0.155145,3.89657,0.38591,-0.215945,3.44169,0.388379,-0.213668,3.43816,0.0188001,0.155145,3.89657,0.388379,-0.213668,3.43816,0.390518,-0.212165,3.43414,0.0188001,0.155145,3.89657,0.38591,-0.215945,3.44169,0.86207,-0.966473,2.68254,0.388379,-0.213668,3.43816,0.38591,-0.215945,3.44169,0.383206,-0.218908,3.44459,0.86207,-0.966473,2.68254,0.383206,-0.218908,3.44459,0.380371,-0.222443,3.44674,0.86207,-0.966473,2.68254,0.380371,-0.222443,3.44674,0.377515,-0.226415,3.44807,0.86207,-0.966473,2.68254,0.377515,-0.226415,3.44807,0.374746,-0.23067,3.44851,0.86207,-0.966473,2.68254,0.374746,-0.23067,3.44851,0.372171,-0.235046,3.44807,0.86207,-0.966473,2.68254,0.372171,-0.235046,3.44807,0.861224,-0.96716,2.68254,0.86207,-0.966473,2.68254,0.861224,-0.96716,2.68254,0.86059,-0.967675,2.68254,0.173317,-1.68927,1.76704,0.86059,-0.967675,2.68254,-0.163721,-0.925856,3.30808,0.173317,-1.68927,1.76704,-0.163721,-0.925856,3.30808,0.17047,-1.68944,1.76704,0.173317,-1.68927,1.76704,0.372171,-0.235046,3.44807,-0.163721,-0.925856,3.30808,0.861224,-0.96716,2.68254,-0.163721,-0.925856,3.30808,0.86059,-0.967675,2.68254,0.861224,-0.96716,2.68254,0.17047,-1.68944,1.76704,-0.165288,-0.925594,3.30808,-1.92558,0.182136,1.54684,-0.165288,-0.925594,3.30808,-0.403487,0.0449271,3.63692,-0.405782,0.0386707,3.6311,-1.92558,0.182136,1.54684,-0.403487,0.0449271,3.63692,-0.402478,0.0489023,3.63887,-1.92558,0.182136,1.54684,-0.402478,0.0489023,3.63887,-0.401615,0.0532452,3.64006,-1.92558,0.182136,1.54684,-0.401615,0.0532452,3.64006,-1.92526,0.185357,1.54684,-1.92558,0.182136,1.54684,-0.401615,0.0532452,3.64006,-0.400931,0.0577889,3.64047,-1.92526,0.185357,1.54684,-0.400931,0.0577889,3.64047,-0.400196,0.0667793,3.63887,-1.92526,0.185357,1.54684,-0.400196,0.0667793,3.63887,-0.400174,0.0708805,3.63692,-1.92526,0.185357,1.54684,-0.400174,0.0708805,3.63692,-0.339628,0.892649,3.30809,-1.92526,0.185357,1.54684,-0.339628,0.892649,3.30809,0.418474,1.21812,1.9256,-1.92526,0.185357,1.54684,-0.163721,-0.925856,3.30808,-0.165288,-0.925594,3.30808,0.17047,-1.68944,1.76704,-0.339628,0.892649,3.30809,-0.338123,0.893161,3.30808,0.418474,1.21812,1.9256,-0.339628,0.892649,3.30809,-0.00728223,0.153699,3.90421,-0.338123,0.893161,3.30808,-0.00728223,0.153699,3.90421,-0.00326624,0.153286,3.90539,-0.338123,0.893161,3.30808,-0.00326624,0.153286,3.90539,0.000915063,0.15308,3.90579,-0.338123,0.893161,3.30808,0.000915063,0.15308,3.90579,0.00510107,0.153089,3.90539,-0.338123,0.893161,3.30808,0.00510107,0.153089,3.90539,0.0091309,0.153312,3.90421,-0.338123,0.893161,3.30808,0.0091309,0.153312,3.90421,0.0128498,0.153742,3.90229,-0.338123,0.893161,3.30808,0.0128498,0.153742,3.90229,0.0161147,0.15436,3.89971,-0.338123,0.893161,3.30808,0.179425,0.414356,3.46416,0.183564,0.41278,3.46236,-0.338123,0.893161,3.30808,0.0128498,0.153742,3.90229,0.377515,-0.226415,3.44807,0.0161147,0.15436,3.89971,0.377515,-0.226415,3.44807,0.380371,-0.222443,3.44674,0.0161147,0.15436,3.89971,0.380371,-0.222443,3.44674,0.383206,-0.218908,3.44459,0.0161147,0.15436,3.89971,0.0128498,0.153742,3.90229,0.374746,-0.23067,3.44851,0.377515,-0.226415,3.44807,0.0128498,0.153742,3.90229,0.372171,-0.235046,3.44807,0.374746,-0.23067,3.44851,0.0128498,0.153742,3.90229,0.00857561,0.0875262,3.86509,0.372171,-0.235046,3.44807,0.00857561,0.0875262,3.86509,-0.163721,-0.925856,3.30808,0.372171,-0.235046,3.44807,0.00857561,0.0875262,3.86509,0.00402189,0.0868687,3.86628,-0.163721,-0.925856,3.30808,0.00402189,0.0868687,3.86628,0.00510107,0.153089,3.90539,-0.163721,-0.925856,3.30808,0.00510107,0.153089,3.90539,0.000915063,0.15308,3.90579,-0.163721,-0.925856,3.30808,0.000915063,0.15308,3.90579,-0.165288,-0.925594,3.30808,-0.163721,-0.925856,3.30808,0.000915063,0.15308,3.90579,-0.00326624,0.153286,3.90539,-0.165288,-0.925594,3.30808,-0.00326624,0.153286,3.90539,-0.00728223,0.153699,3.90421,-0.165288,-0.925594,3.30808,-0.00728223,0.153699,3.90421,-0.128996,-0.440463,3.55754,-0.165288,-0.925594,3.30808,-0.128996,-0.440463,3.55754,-0.403487,0.0449271,3.63692,-0.165288,-0.925594,3.30808,-0.405782,0.0386707,3.6311,-1.92558,0.182136,1.54684,-0.165288,-0.925594,3.30808,-0.128996,-0.440463,3.55754,-0.00728223,0.153699,3.90421,-0.403487,0.0449271,3.63692,-0.00728223,0.153699,3.90421,-0.0109785,0.154304,3.9023,-0.403487,0.0449271,3.63692,-0.0109785,0.154304,3.9023,-0.402478,0.0489023,3.63887,-0.403487,0.0449271,3.63692,-0.0109785,0.154304,3.9023,-0.401615,0.0532452,3.64006,-0.402478,0.0489023,3.63887,-0.0109785,0.154304,3.9023,-0.400931,0.0577889,3.64047,-0.401615,0.0532452,3.64006,-0.0109785,0.154304,3.9023,-0.0142129,0.155076,3.89973,-0.400931,0.0577889,3.64047,-0.0142129,0.155076,3.89973,-0.400452,0.0623588,3.64006,-0.400931,0.0577889,3.64047,-0.400452,0.0623588,3.64006,-0.400196,0.0667793,3.63887,-0.400931,0.0577889,3.64047,-0.400452,0.0623588,3.64006,-0.0142129,0.155076,3.89973,-0.400196,0.0667793,3.63887,-0.0142129,0.155076,3.89973,-0.400174,0.0708805,3.63692,-0.400196,0.0667793,3.63887,-0.0142129,0.155076,3.89973,-0.339628,0.892649,3.30809,-0.400174,0.0708805,3.63692,-0.0142129,0.155076,3.89973,-0.0109785,0.154304,3.9023,-0.339628,0.892649,3.30809]},"normal":{"type":"float32","components":3,