{"model":{"version":2,"nodes":[{"name":"RootNode","position":[0,0,0],"rotation":[0,0,0],"scale":[1,1,1]},{"name":"rock_big3","position":[0,0,0],"rotation":[-90,0,0],"scale":[1,1,1]}],"parents":[-1,0],"skins":[],"vertices":[{"position":{"type":"float32","components":3,"data":[-0.376759,-0.0261438,1.16637,0.227688,-0.78218,1.14696,0.359397,-0.128859,1.09121,-0.00136472,0.424751,1.13729,-0.180907,0.0710784,-1.41498,-0.891394,0.0377347,-0.876382,-0.387687,0.322182,-1.19749,-0.511871,-0.665024,-1.22014,-0.95115,0.0794637,-0.721681,-1.16388,0.129441,0.236771,-0.948696,0.777426,0.0905353,-1.16388,0.129441,0.236771,-0.544835,-0.0453037,0.98331,-0.948696,0.777426,0.0905353,-1.07047,-0.0282131,0.47323,0.130656,1.01187,0.785868,-0.451259,1.34754,0.184443,-0.00136472,0.424751,1.13729,-0.3025,1.40524,0.31564,-0.376759,-0.0261438,1.16637,-0.180907,0.0710784,-1.41498,0.18477,1.24412,-0.31694,0.791066,0.893182,-0.436009,0.961177,0.0790049,-1.10035,-0.387687,0.322182,-1.19749,-0.172637,1.21842,-0.398402,-0.0851352,-1.57604,-0.422738,-0.2099,-1.57437,0.10723,-0.303559,-1.57909,0.136503,0.363878,-1.07797,1.00163,-0.303559,-1.57909,0.136503,-0.2099,-1.57437,0.10723,0.359397,-0.128859,1.09121,0.988484,-0.731279,0.541007,1.09818,-0.201827,0.576848,0.227688,-0.78218,1.14696,0.363878,-1.07797,1.00163,0.130656,1.01187,0.785868,0.18477,1.24412,-0.31694,-0.19301,1.37497,0.285249,0.791066,0.893182,-0.436009,1.29273,0.488618,0.0992896,1.31835,0.481437,-0.128843,-0.00136472,0.424751,1.13729,1.29273,0.488618,0.0992896,0.130656,1.01187,0.785868,0.359397,-0.128859,1.09121,1.13103,0.0571009,0.427052,1.09818,-0.201827,0.576848,-0.0851352,-1.57604,-0.422738,-0.303559,-1.57909,0.136503,-0.228902,-1.53272,-0.461176,-0.172637,1.21842,-0.398402,-0.451259,1.34754,0.184443,-0.19301,1.37497,0.285249,0.18477,1.24412,-0.31694,-0.3025,1.40524,0.31564,-0.2099,-1.57437,0.10723,0.988484,-0.731279,0.541007,0.363878,-1.07797,1.00163,0.136635,-1.38717,-0.467528,0.859018,-1.00705,-0.569858,-0.0851352,-1.57604,-0.422738,-0.3025,1.40524,0.31564,0.130656,1.01187,0.785868,-0.19301,1.37497,0.285249,-0.172637,1.21842,-0.398402,-0.948696,0.777426,0.0905353,-0.451259,1.34754,0.184443,-0.95115,0.0794637,-0.721681,-0.387687,0.322182,-1.19749,-0.891394,0.0377347,-0.876382,1.13103,0.0571009,0.427052,1.31835,0.481437,-0.128843,1.29273,0.488618,0.0992896,0.859018,-1.00705,-0.569858,0.988484,-0.731279,0.541007,1.1635,0.471059,-0.364779,0.961177,0.0790049,-1.10035,1.09818,-0.201827,0.576848,-1.07047,-0.0282131,0.47323,-0.303559,-1.57909,0.136503,-0.544835,-0.0453037,0.98331,0.227688,-0.78218,1.14696,0.363878,-1.07797,1.00163,-0.376759,-0.0261438,1.16637,1.1635,0.471059,-0.364779,0.961177,0.0790049,-1.10035,0.791066,0.893182,-0.436009,1.31835,0.481437,-0.128843,-0.511871,-0.665024,-1.22014,0.136635,-1.38717,-0.467528,-0.228902,-1.53272,-0.461176,0.859018,-1.00705,-0.569858,-0.180907,0.0710784,-1.41498,-0.0851352,-1.57604,-0.422738,0.961177,0.0790049,-1.10035,-0.95115,0.0794637,-0.721681,-0.511871,-0.665024,-1.22014,-0.228902,-1.53272,-0.461176,-1.07047,-0.0282131,0.47323,-1.16388,0.129441,0.236771,-0.891394,0.0377347,-0.876382,-0.303559,-1.57909,0.136503]},"normal":{"type":"float32","components":3,"data":[0.10538,0.027955,0.994018,0.10538,0.027955,0.994018,0.10538,0.027955,0.994018,0.10538,0.027955,0.994018,-0.604205,0.0941496,-0.791223,-0.604205,0.0941496,-0.791223,-0.604205,0.0941496,-0.791223,-0.604205,0.0941496,-0.791223,-0.939207,0.261757,-0.222114,-0.939207,0.261757,-0.222114,-0.939207,0.261757,-0.222114,-0.592242,0.436415,0.677328,-0.592242,0.436415,0.677328,-0.592242,0.436415,0.677328,-0.592242,0.436415,0.677328,-0.592242,0.436415,0.677328,-0.592242,0.436415,0.677328,-0.592242,0.436415,0.677328,-0.592242,0.436415,0.677328,-0.592242,0.436415,0.677328,0.175146,0.644612,-0.744163,0.175146,0.644612,-0.744163,0.175146,0.644612,-0.744163,0.175146,0.644612,-0.744163,0.175146,0.644612,-0.744163,0.175146,0.644612,-0.744163,0.0553911,-0.998321,0.0161748,0.0553911,-0.998321,0.0161748,0.0553911,-0.998321,0.0161748,0.168523,-0.903745,0.393445,0.168523,-0.903745,0.393445,0.168523,-0.903745,0.393445,0.600421,-0.104862,0.792749,0.600421,-0.104862,0.792749,0.600421,-0.104862,0.792749,0.600421,-0.104862,0.792749,0.600421,-0.104862,0.792749,0.525254,0.831202,0.182104,0.525254,0.831202,0.182104,0.525254,0.831202,0.182104,0.525254,0.831202,0.182104,0.525254,0.831202,0.182104,0.525254,0.831202,0.182104,0.577258,0.328013,0.747734,0.577258,0.328013,0.747734,0.577258,0.328013,0.747734,0.577258,0.328013,0.747734,0.577258,0.328013,0.747734,0.577258,0.328013,0.747734,-0.260537,-0.959502,-0.106967,-0.260537,-0.959502,-0.106967,-0.260537,-0.959502,-0.106967,-0.0122074,0.971374,-0.237159,-0.0122074,0.971374,-0.237159,-0.0122074,0.971374,-0.237159,-0.0122074,0.971374,-0.237159,-0.0122074,0.971374,-0.237159,0.534989,-0.837092,0.114048,0.534989,-0.837092,0.114048,0.534989,-0.837092,0.114048,0.534989,-0.837092,0.114048,0.534989,-0.837092,0.114048,0.534989,-0.837092,0.114048,0.344951,0.851588,0.394635,0.344951,0.851588,0.394635,0.344951,0.851588,0.394635,-0.64687,0.594104,-0.478072,-0.64687,0.594104,-0.478072,-0.64687,0.594104,-0.478072,-0.64687,0.594104,-0.478072,-0.64687,0.594104,-0.478072,-0.64687,0.594104,-0.478072,0.96997,-0.218268,-0.107212,0.96997,-0.218268,-0.107212,0.96997,-0.218268,-0.107212,0.96997,-0.218268,-0.107212,0.96997,-0.218268,-0.107212,0.96997,-0.218268,-0.107212,0.96997,-0.218268,-0.107212,0.96997,-0.218268,-0.107212,-0.590197,-0.471053,0.655538,-0.590197,-0.471053,0.655538,-0.590197,-0.471053,0.655538,-0.590197,-0.471053,0.655538,-0.590197,-0.471053,0.655538,-0.590197,-0.471053,0.655538,0.697165,0.534501,-0.477706,0.697165,0.534501,-0.477706,0.697165,0.534501,-0.477706,0.697165,0.534501,-0.477706,0.256844,-0.481307,-0.838069,0.256844,-0.481307,-0.838069,0.256844,-0.481307,-0.838069,0.256844,-0.481307,-0.838069,0.256844,-0.481307,-0.838069,0.256844,-0.481307,-0.838069,0.256844,-0.481307,-0.838069,-0.891354,-0.43086,-0.140782,-0.891354,-0.43086,-0.140782,-0.891354,-0.43086,-0.140782,-0.891354,-0.43086,-0.140782,-0.891354,-0.43086,-0.140782,-0.891354,-0.43086,-0.140782,-0.891354,-0.43086,-0.140782]}}],"meshes":[{"aabb":{"min":[-1.16388,-1.57909,-1.41498],"max":[1.31835,1.40524,1.16637]},"vertices":0,"indices":[0,1,2,2,3,0,4,5,6,5,4,7,8,9,10,11,12,13,12,11,14,15,16,17,13,12,17,16,15,18,13,17,16,17,12,19,20,21,22,20,22,23,21,20,24,21,24,25,26,27,28,29,30,31,32,33,34,33,35,36,35,33,32,37,38,39,40,41,42,38,41,40,41,38,37,43,44,45,46,47,43,47,46,48,44,43,47,49,50,51,52,53,54,54,55,52,54,53,56,57,58,59,58,60,61,60,58,57,60,57,62,63,64,65,66,67,68,69,66,70,70,71,69,66,69,67,72,73,74,75,72,76,77,75,78,75,77,72,72,77,73,76,72,79,80,81,82,81,83,82,83,81,84,82,83,85,86,87,88,88,89,86,90,91,92,90,93,91,93,90,94,92,91,95,93,94,96,97,98,99,99,100,101,99,101,97,98,97,102,103,100,99],"type":"triangles","base":0,"count":192}],"meshInstances":[{"node":1,"mesh":0}]}}