{"model":{"version":2,"nodes":[{"name":"RootNode","position":[0,0,0],"rotation":[0,0,0],"scale":[1,1,1]},{"name":"rock_small3","position":[0,0,0],"rotation":[-90,0,0],"scale":[1,1,1]}],"parents":[-1,0],"skins":[],"vertices":[{"position":{"type":"float32","components":3,"data":[-0.593648,-0.473035,-0.497058,-0.0508293,-0.610916,-0.321968,-0.618155,-0.445885,-0.357685,-0.563647,-0.35931,0.0423903,0.130245,-0.574689,-0.0638944,-0.0843505,-0.376586,0.472778,-0.594875,-0.398924,-0.132577,0.130245,-0.574689,-0.0638944,0.432873,-0.377097,-0.233024,0.446997,-0.430258,-0.093515,-0.0508293,-0.610916,-0.321968,-0.556757,0.122124,0.52613,-0.57898,0.047721,0.487455,-0.290992,-0.0203505,0.538696,-0.556757,0.122124,0.52613,-0.685503,0.0226357,0.364169,-0.57898,0.047721,0.487455,-0.610449,-0.30511,0.062684,-0.57898,0.047721,0.487455,-0.694468,-0.0308323,0.283329,-0.685503,0.0226357,0.364169,-0.290992,-0.0203505,0.538696,-0.563647,-0.35931,0.0423903,-0.0843505,-0.376586,0.472778,-0.00577149,-0.248264,0.630979,0.343997,-0.102686,0.579814,0.130245,-0.574689,-0.0638944,0.528952,-0.0952209,0.428241,0.446997,-0.430258,-0.093515,-0.0843505,-0.376586,0.472778,0.110693,-0.202727,0.611053,-0.00577149,-0.248264,0.630979,0.242188,0.578028,0.0925036,-0.127131,0.637258,0.0881259,0.228336,0.577147,0.126093,-0.127131,0.637258,0.0881259,0.214136,0.30649,-0.465054,-0.0394221,0.140835,-0.605151,0.233007,0.344586,-0.439349,-0.127131,0.637258,0.0881259,-0.0394221,0.140835,-0.605151,-0.579203,0.127019,-0.225778,-0.636276,-0.348381,-0.528626,0.371517,0.216907,-0.409643,0.214136,0.30649,-0.465054,0.233007,0.344586,-0.439349,0.489491,0.0937185,-0.388268,0.509932,0.180842,-0.224088,0.432873,-0.377097,-0.233024,0.446997,-0.430258,-0.093515,0.507529,0.134918,-0.344584,0.543475,-0.106128,0.358483,0.528952,-0.0952209,0.428241,-0.321597,0.37086,0.419272,0.30953,0.257849,0.44137,-0.127131,0.637258,0.0881259,0.228336,0.577147,0.126093,-0.127131,0.637258,0.0881259,0.270609,0.520278,0.0123772,0.233007,0.344586,-0.439349,0.242188,0.578028,0.0925036,0.270609,0.520278,0.0123772,0.371517,0.216907,-0.409643,0.233007,0.344586,-0.439349,0.509932,0.180842,-0.224088,0.507529,0.134918,-0.344584,-0.290992,-0.0203505,0.538696,0.110693,-0.202727,0.611053,0.30953,0.257849,0.44137,-0.321597,0.37086,0.419272,-0.416763,0.277827,0.445375,-0.556757,0.122124,0.52613,-0.00577149,-0.248264,0.630979,0.343997,-0.102686,0.579814,0.419217,-0.0287322,0.562897,-0.694468,-0.0308323,0.283329,-0.321597,0.37086,0.419272,-0.579203,0.127019,-0.225778,-0.416763,0.277827,0.445375,-0.127131,0.637258,0.0881259,-0.685503,0.0226357,0.364169,-0.556757,0.122124,0.52613,-0.610449,-0.30511,0.062684,-0.594875,-0.398924,-0.132577,-0.563647,-0.35931,0.0423903,0.432873,-0.377097,-0.233024,-0.0394221,0.140835,-0.605151,0.489491,0.0937185,-0.388268,-0.636276,-0.348381,-0.528626,-0.0508293,-0.610916,-0.321968,-0.593648,-0.473035,-0.497058,0.214136,0.30649,-0.465054,0.371517,0.216907,-0.409643,-0.636276,-0.348381,-0.528626,-0.593648,-0.473035,-0.497058,-0.618155,-0.445885,-0.357685,0.528952,-0.0952209,0.428241,0.419217,-0.0287322,0.562897,0.343997,-0.102686,0.579814,0.474304,-0.0255027,0.530312,-0.694468,-0.0308323,0.283329,-0.579203,0.127019,-0.225778,-0.610449,-0.30511,0.062684,-0.618155,-0.445885,-0.357685,-0.636276,-0.348381,-0.528626,-0.594875,-0.398924,-0.132577,0.30953,0.257849,0.44137,0.270609,0.520278,0.0123772,0.228336,0.577147,0.126093,0.509932,0.180842,-0.224088,0.543475,-0.106128,0.358483,0.242188,0.578028,0.0925036,0.528952,-0.0952209,0.428241,0.474304,-0.0255027,0.530312,0.474304,-0.0255027,0.530312,0.30953,0.257849,0.44137,0.419217,-0.0287322,0.562897,0.507529,0.134918,-0.344584,0.489491,0.0937185,-0.388268,0.371517,0.216907,-0.409643]},"normal":{"type":"float32","components":3,"data":[-0.260353,-0.933653,0.245888,-0.260353,-0.933653,0.245888,-0.260353,-0.933653,0.245888,-0.260353,-0.933653,0.245888,-0.260353,-0.933653,0.245888,-0.260353,-0.933653,0.245888,-0.260353,-0.933653,0.245888,0.428877,-0.86877,-0.247566,0.428877,-0.86877,-0.247566,0.428877,-0.86877,-0.247566,0.428877,-0.86877,-0.247566,-0.249397,-0.386944,0.887722,-0.249397,-0.386944,0.887722,-0.249397,-0.386944,0.887722,-0.738151,-0.12418,0.663076,-0.738151,-0.12418,0.663076,-0.738151,-0.12418,0.663076,-0.503281,-0.576434,0.643727,-0.503281,-0.576434,0.643727,-0.503281,-0.576434,0.643727,-0.503281,-0.576434,0.643727,-0.503281,-0.576434,0.643727,-0.503281,-0.576434,0.643727,-0.503281,-0.576434,0.643727,-0.503281,-0.576434,0.643727,0.400494,-0.797815,0.450606,0.400494,-0.797815,0.450606,0.400494,-0.797815,0.450606,0.400494,-0.797815,0.450606,0.400494,-0.797815,0.450606,0.400494,-0.797815,0.450606,0.400494,-0.797815,0.450606,0.156652,0.98349,0.0903958,0.156652,0.98349,0.0903958,0.156652,0.98349,0.0903958,-0.215949,0.773553,-0.595752,-0.215949,0.773553,-0.595752,-0.215949,0.773553,-0.595752,-0.215949,0.773553,-0.595752,-0.457533,0.629383,-0.628101,-0.457533,0.629383,-0.628101,-0.457533,0.629383,-0.628101,-0.457533,0.629383,-0.628101,0.471694,0.320597,-0.821406,0.471694,0.320597,-0.821406,0.471694,0.320597,-0.821406,0.983581,-0.153813,-0.0943022,0.983581,-0.153813,-0.0943022,0.983581,-0.153813,-0.0943022,0.983581,-0.153813,-0.0943022,0.983581,-0.153813,-0.0943022,0.983581,-0.153813,-0.0943022,0.983581,-0.153813,-0.0943022,0.0869472,0.730613,0.677206,0.0869472,0.730613,0.677206,0.0869472,0.730613,0.677206,0.0869472,0.730613,0.677206,0.188421,0.898068,-0.397412,0.188421,0.898068,-0.397412,0.188421,0.898068,-0.397412,0.188421,0.898068,-0.397412,0.651326,0.684713,-0.326945,0.651326,0.684713,-0.326945,0.651326,0.684713,-0.326945,0.651326,0.684713,-0.326945,0.651326,0.684713,-0.326945,0.00616474,0.330821,0.943663,0.00616474,0.330821,0.943663,0.00616474,0.330821,0.943663,0.00616474,0.330821,0.943663,0.00616474,0.330821,0.943663,0.00616474,0.330821,0.943663,0.00616474,0.330821,0.943663,0.00616474,0.330821,0.943663,0.00616474,0.330821,0.943663,-0.744957,0.66625,0.0327769,-0.744957,0.66625,0.0327769,-0.744957,0.66625,0.0327769,-0.744957,0.66625,0.0327769,-0.744957,0.66625,0.0327769,-0.744957,0.66625,0.0327769,-0.744957,0.66625,0.0327769,-0.674154,-0.685263,0.27546,-0.674154,-0.685263,0.27546,-0.674154,-0.685263,0.27546,0.279122,-0.289682,-0.915494,0.279122,-0.289682,-0.915494,0.279122,-0.289682,-0.915494,0.279122,-0.289682,-0.915494,0.279122,-0.289682,-0.915494,0.279122,-0.289682,-0.915494,0.279122,-0.289682,-0.915494,0.279122,-0.289682,-0.915494,-0.933897,-0.343974,-0.0972015,-0.933897,-0.343974,-0.0972015,-0.933897,-0.343974,-0.0972015,0.54622,-0.483566,0.68392,0.54622,-0.483566,0.68392,0.54622,-0.483566,0.68392,0.54622,-0.483566,0.68392,-0.998383,-0.0110782,-0.0554216,-0.998383,-0.0110782,-0.0554216,-0.998383,-0.0110782,-0.0554216,-0.998383,-0.0110782,-0.0554216,-0.998383,-0.0110782,-0.0554216,-0.998383,-0.0110782,-0.0554216,0.85931,0.476455,0.185797,0.85931,0.476455,0.185797,0.85931,0.476455,0.185797,0.85931,0.476455,0.185797,0.85931,0.476455,0.185797,0.85931,0.476455,0.185797,0.85931,0.476455,0.185797,0.85931,0.476455,0.185797,0.423566,0.486221,0.764275,0.423566,0.486221,0.764275,0.423566,0.486221,0.764275,0.591388,0.450301,-0.668905,0.591388,0.450301,-0.668905,0.591388,0.450301,-0.668905]}}],"meshes":[{"aabb":{"min":[-0.694468,-0.610916,-0.605151],"max":[0.543475,0.637258,0.630979]},"vertices":0,"indices":[0,1,2,3,4,5,1,3,6,1,6,2,4,3,1,7,8,9,8,7,10,11,12,13,14,15,16,17,18,19,18,20,19,21,22,23,22,21,17,21,23,24,18,17,21,25,26,27,27,26,28,29,25,30,29,30,31,26,25,29,32,33,34,35,36,37,36,35,38,39,40,41,41,40,42,43,44,45,46,47,48,47,49,48,47,46,50,49,51,52,49,47,51,53,54,55,55,54,56,57,58,59,58,57,60,61,62,63,62,61,64,62,64,65,66,67,68,66,68,69,66,69,70,70,71,66,67,66,72,68,67,73,68,73,74,75,76,77,75,78,76,77,76,79,78,75,80,80,81,78,82,83,84,85,86,87,88,89,90,86,85,89,86,91,92,86,89,88,87,86,92,93,94,95,96,97,98,97,96,99,100,101,102,103,101,104,101,105,102,105,101,103,106,107,108,106,109,107,106,110,109,108,107,111,112,106,113,110,106,112,114,115,116,117,118,119],"type":"triangles",