{"model":{"version":2,"nodes":[{"name":"RootNode","position":[0,0,0],"rotation":[0,0,0],"scale":[1,1,1]},{"name":"rock_small2","position":[0,0,0],"rotation":[-90,0,0],"scale":[1,1,1]}],"parents":[-1,0],"skins":[],"vertices":[{"position":{"type":"float32","components":3,"data":[0.178924,0.057412,0.419374,0.218176,0.12455,0.38248,-0.0205693,0.204299,0.61607,0.218176,0.12455,0.38248,0.147153,0.203475,0.402626,-0.0205693,0.204299,0.61607,-0.260118,-0.313382,0.483681,-0.253715,-0.109154,0.571441,-0.285923,-0.181985,0.545355,-0.116717,-0.474394,0.333071,0.194518,-0.450045,0.22195,0.178924,0.057412,0.419374,0.598778,-0.174308,0.251438,0.652223,-0.0881899,0.294676,-0.0205693,0.204299,0.61607,-0.0992889,0.21221,0.665434,-0.285373,0.178693,0.732978,-0.249776,0.312685,0.648741,-0.327875,0.27681,0.649718,-0.304469,0.235139,0.728892,-0.327875,0.27681,0.649718,-0.430887,0.22641,0.483055,-0.304469,0.235139,0.728892,-0.285373,0.178693,0.732978,-0.30577,-0.0330373,0.593072,-0.253715,-0.109154,0.571441,-0.30577,-0.0330373,0.593072,-0.285923,-0.181985,0.545355,-0.253715,-0.109154,0.571441,-0.278251,-0.406085,0.291448,-0.638555,-0.0260586,0.0444457,-0.515482,-0.155869,-0.0304198,-0.294137,-0.362273,0.435802,-0.30848,-0.321568,0.487428,0.225901,0.40939,-0.131831,-0.040178,0.452326,0.118795,0.264478,0.424962,-0.00769245,-0.159905,0.457399,-0.234275,-0.278251,-0.406085,0.291448,-0.116717,-0.474394,0.333071,-0.294137,-0.362273,0.435802,-0.0514614,-0.496275,0.151297,-0.0107452,-0.251211,-0.385434,0.0419113,-0.503303,0.108872,-0.0514614,-0.496275,0.151297,-0.515482,-0.155869,-0.0304198,-0.278251,-0.406085,0.291448,-0.52424,0.00151189,-0.320789,-0.286604,0.0422842,-0.545466,-0.294137,-0.362273,0.435802,-0.260118,-0.313382,0.483681,-0.30848,-0.321568,0.487428,-0.116717,-0.474394,0.333071,0.724397,-0.0173601,0.224081,0.677946,0.0906469,0.214076,0.717046,-0.0376655,0.261874,0.677946,0.0906469,0.214076,0.584588,0.241471,0.184182,0.588467,0.206465,0.210204,-0.638555,-0.0260586,0.0444457,-0.52424,0.00151189,-0.320789,-0.515482,-0.155869,-0.0304198,-0.66447,0.215047,-0.244687,-0.593649,0.167684,-0.372799,0.0419113,-0.503303,0.108872,0.655599,-0.146392,0.196749,0.194518,-0.450045,0.22195,0.598778,-0.174308,0.251438,-0.543878,0.269614,-0.472411,-0.66447,0.215047,-0.244687,-0.508157,0.341319,-0.440857,-0.480188,0.330711,-0.488667,0.676488,-0.0553016,0.0922255,0.225901,0.40939,-0.131831,0.674021,0.0792664,0.141084,0.154424,-0.0663591,-0.460293,0.397638,0.355032,0.0292926,0.453538,0.323368,0.0676584,0.724397,-0.0173601,0.224081,0.674021,0.0792664,0.141084,0.677946,0.0906469,0.214076,0.453538,0.323368,0.0676584,0.584588,0.241471,0.184182,-0.66447,0.215047,-0.244687,-0.638555,-0.0260586,0.0444457,-0.668301,0.152555,0.108625,-0.304469,0.235139,0.728892,-0.285373,0.178693,0.732978,-0.0992889,0.21221,0.665434,0.655599,-0.146392,0.196749,0.652223,-0.0881899,0.294676,0.598778,-0.174308,0.251438,0.717046,-0.0376655,0.261874,0.194518,-0.450045,0.22195,-0.0514614,-0.496275,0.151297,0.0419113,-0.503303,0.108872,-0.116717,-0.474394,0.333071,0.397638,0.355032,0.0292926,0.225901,0.40939,-0.131831,0.264478,0.424962,-0.00769245,0.218176,0.12455,0.38248,0.588467,0.206465,0.210204,0.147153,0.203475,0.402626,0.652223,-0.0881899,0.294676,0.178924,0.057412,0.419374,0.677946,0.0906469,0.214076,0.717046,-0.0376655,0.261874,-0.267362,0.0589644,-0.546864,0.225901,0.40939,-0.131831,0.154424,-0.0663591,-0.460293,-0.328898,0.398716,-0.357916,-0.424721,0.19394,-0.529078,-0.159905,0.457399,-0.234275,-0.480188,0.330711,-0.488667,-0.040178,0.452326,0.118795,-0.430887,0.22641,0.483055,-0.249776,0.312685,0.648741,-0.66447,0.215047,-0.244687,-0.328898,0.398716,-0.357916,-0.508157,0.341319,-0.440857,-0.668301,0.152555,0.108625,-0.159905,0.457399,-0.234275,-0.327875,0.27681,0.649718,-0.424721,0.19394,-0.529078,-0.52424,0.00151189,-0.320789,-0.593649,0.167684,-0.372799,-0.543878,0.269614,-0.472411,-0.286604,0.0422842,-0.545466,0.676488,-0.0553016,0.0922255,0.674021,0.0792664,0.141084,0.724397,-0.0173601,0.224081,-0.668301,0.152555,0.108625,-0.30577,-0.0330373,0.593072,-0.430887,0.22641,0.483055,-0.285923,-0.181985,0.545355,-0.638555,-0.0260586,0.0444457,-0.260118,-0.313382,0.483681,-0.30848,-0.321568,0.487428,-0.285373,0.178693,0.732978,-0.304469,0.235139,0.728892,-0.328898,0.398716,-0.357916,-0.480188,0.330711,-0.488667,-0.508157,0.341319,-0.440857,-0.480188,0.330711,-0.488667,-0.424721,0.19394,-0.529078,-0.543878,0.269614,-0.472411,-0.543878,0.269614,-0.472411,-0.593649,0.167684,-0.372799,-0.66447,0.215047,-0.244687,-0.267362,0.0589644,-0.546864,-0.286604,0.0422842,-0.545466,-0.424721,0.19394,-0.529078,0.676488,-0.0553016,0.0922255,0.724397,-0.0173601,0.224081,0.655599,-0.146392,0.196749,0.717046,-0.0376655,0.261874,0.0419113,-0.503303,0.108872,0.676488,-0.0553016,0.0922255,0.655599,-0.146392,0.196749,0.154424,-0.0663591,-0.460293,-0.0107452,-0.251211,-0.385434,-0.267362,0.0589644,-0.546864,-0.0107452,-0.251211,-0.385434,-0.286604,0.0422842,-0.545466,0.154424,-0.0663591,-0.460293,0.453538,0.323368,0.0676584,0.147153,0.203475,0.402626,0.588467,0.206465,0.210204,0.397638,0.355032,0.0292926,0.264478,0.424962,-0.00769245,-0.040178,0.452326,0.118795,-0.249776,0.312685,0.648741,-0.0205693,0.204299,0.61607,-0.0992889,0.21221,0.665434,-0.304469,0.235139,0.728892,0.584588,0.241471,0.184182]},"normal":{"type":"float32","components":3,